TimeSeries ID,container/uptime.k8s_container.ALIGN_MEAN.REDUCE_SUM.metric.type="kubernetes.io/container/uptime" resource.type="k8s_container" resource.label."pod_name"="checkoutservice-84f6f9f8d6-8scs6".60s.project_id:cnae-422614
project_id,cnae-422614
Tue Jun 18 2024 19:25:00 GMT+0200 (Mitteleuropäische Sommerzeit),7729.1634983508
Tue Jun 18 2024 19:30:00 GMT+0200 (Mitteleuropäische Sommerzeit),8029.144275435001
Tue Jun 18 2024 19:35:00 GMT+0200 (Mitteleuropäische Sommerzeit),8329.1366990888
Tue Jun 18 2024 19:40:00 GMT+0200 (Mitteleuropäische Sommerzeit),8629.149508951601
Tue Jun 18 2024 19:45:00 GMT+0200 (Mitteleuropäische Sommerzeit),8929.167142556
Tue Jun 18 2024 19:50:00 GMT+0200 (Mitteleuropäische Sommerzeit),9229.1349831872
Tue Jun 18 2024 19:55:00 GMT+0200 (Mitteleuropäische Sommerzeit),9529.1310690774
Tue Jun 18 2024 20:00:00 GMT+0200 (Mitteleuropäische Sommerzeit),9829.162951099399
Tue Jun 18 2024 20:05:00 GMT+0200 (Mitteleuropäische Sommerzeit),10129.160892702199
Tue Jun 18 2024 20:10:00 GMT+0200 (Mitteleuropäische Sommerzeit),10429.1363464954
Tue Jun 18 2024 20:15:00 GMT+0200 (Mitteleuropäische Sommerzeit),10729.133618162601
Tue Jun 18 2024 20:20:00 GMT+0200 (Mitteleuropäische Sommerzeit),11029.1464678136
Tue Jun 18 2024 20:25:00 GMT+0200 (Mitteleuropäische Sommerzeit),11329.1626283124
Tue Jun 18 2024 20:30:00 GMT+0200 (Mitteleuropäische Sommerzeit),11629.1421117874
Tue Jun 18 2024 20:35:00 GMT+0200 (Mitteleuropäische Sommerzeit),11929.132111465398
Tue Jun 18 2024 20:40:00 GMT+0200 (Mitteleuropäische Sommerzeit),12229.146721429002
Tue Jun 18 2024 20:45:00 GMT+0200 (Mitteleuropäische Sommerzeit),12529.1614300466
Tue Jun 18 2024 20:50:00 GMT+0200 (Mitteleuropäische Sommerzeit),12829.134301960601
Tue Jun 18 2024 20:55:00 GMT+0200 (Mitteleuropäische Sommerzeit),13129.1338757956
Tue Jun 18 2024 21:00:00 GMT+0200 (Mitteleuropäische Sommerzeit),13429.149608686002
Tue Jun 18 2024 21:05:00 GMT+0200 (Mitteleuropäische Sommerzeit),13729.1652851708
Tue Jun 18 2024 21:10:00 GMT+0200 (Mitteleuropäische Sommerzeit),14029.1318647892
Tue Jun 18 2024 21:15:00 GMT+0200 (Mitteleuropäische Sommerzeit),14329.1338455792
Tue Jun 18 2024 21:20:00 GMT+0200 (Mitteleuropäische Sommerzeit),14629.149567149198
Tue Jun 18 2024 21:25:00 GMT+0200 (Mitteleuropäische Sommerzeit),14929.1542566224
Tue Jun 18 2024 21:30:00 GMT+0200 (Mitteleuropäische Sommerzeit),15229.134401773199
Tue Jun 18 2024 21:35:00 GMT+0200 (Mitteleuropäische Sommerzeit),15529.134105320802
Tue Jun 18 2024 21:40:00 GMT+0200 (Mitteleuropäische Sommerzeit),15829.1573756834
Tue Jun 18 2024 21:45:00 GMT+0200 (Mitteleuropäische Sommerzeit),16129.158428925799
Tue Jun 18 2024 21:50:00 GMT+0200 (Mitteleuropäische Sommerzeit),16429.132768321397
Tue Jun 18 2024 21:55:00 GMT+0200 (Mitteleuropäische Sommerzeit),16729.1301584254
Tue Jun 18 2024 22:00:00 GMT+0200 (Mitteleuropäische Sommerzeit),17029.152606690805
Tue Jun 18 2024 22:05:00 GMT+0200 (Mitteleuropäische Sommerzeit),17329.1611279342
Tue Jun 18 2024 22:10:00 GMT+0200 (Mitteleuropäische Sommerzeit),17629.1296651494
Tue Jun 18 2024 22:15:00 GMT+0200 (Mitteleuropäische Sommerzeit),17929.1356552774
Tue Jun 18 2024 22:20:00 GMT+0200 (Mitteleuropäische Sommerzeit),18229.1528679654
Tue Jun 18 2024 22:25:00 GMT+0200 (Mitteleuropäische Sommerzeit),18529.1605480096
Tue Jun 18 2024 22:30:00 GMT+0200 (Mitteleuropäische Sommerzeit),18829.134995972196
Tue Jun 18 2024 22:35:00 GMT+0200 (Mitteleuropäische Sommerzeit),19129.1323388736
Tue Jun 18 2024 22:40:00 GMT+0200 (Mitteleuropäische Sommerzeit),19429.1689387796
Tue Jun 18 2024 22:45:00 GMT+0200 (Mitteleuropäische Sommerzeit),19729.1471851002
Tue Jun 18 2024 22:50:00 GMT+0200 (Mitteleuropäische Sommerzeit),20029.134722982002
Tue Jun 18 2024 22:55:00 GMT+0200 (Mitteleuropäische Sommerzeit),20329.132244471803
Tue Jun 18 2024 23:00:00 GMT+0200 (Mitteleuropäische Sommerzeit),20629.1639942334
Tue Jun 18 2024 23:05:00 GMT+0200 (Mitteleuropäische Sommerzeit),20929.144916753197
Tue Jun 18 2024 23:10:00 GMT+0200 (Mitteleuropäische Sommerzeit),21229.1319124142
Tue Jun 18 2024 23:15:00 GMT+0200 (Mitteleuropäische Sommerzeit),21529.1366829314
Tue Jun 18 2024 23:20:00 GMT+0200 (Mitteleuropäische Sommerzeit),21829.164044783
Tue Jun 18 2024 23:25:00 GMT+0200 (Mitteleuropäische Sommerzeit),22129.140878131002
Tue Jun 18 2024 23:30:00 GMT+0200 (Mitteleuropäische Sommerzeit),22429.1350089918
Tue Jun 18 2024 23:35:00 GMT+0200 (Mitteleuropäische Sommerzeit),22729.1412504932
Tue Jun 18 2024 23:40:00 GMT+0200 (Mitteleuropäische Sommerzeit),23029.162034932804
Tue Jun 18 2024 23:45:00 GMT+0200 (Mitteleuropäische Sommerzeit),23329.137521251803
Tue Jun 18 2024 23:50:00 GMT+0200 (Mitteleuropäische Sommerzeit),23629.131547093602
Tue Jun 18 2024 23:55:00 GMT+0200 (Mitteleuropäische Sommerzeit),23929.145549454603
Wed Jun 19 2024 00:00:00 GMT+0200 (Mitteleuropäische Sommerzeit),24229.166190381795
Wed Jun 19 2024 00:05:00 GMT+0200 (Mitteleuropäische Sommerzeit),24529.142951599595
Wed Jun 19 2024 00:10:00 GMT+0200 (Mitteleuropäische Sommerzeit),24829.146214087803
Wed Jun 19 2024 00:15:00 GMT+0200 (Mitteleuropäische Sommerzeit),25129.1703091826
Wed Jun 19 2024 00:20:00 GMT+0200 (Mitteleuropäische Sommerzeit),25429.1806645154
Wed Jun 19 2024 00:25:00 GMT+0200 (Mitteleuropäische Sommerzeit),25729.156182815797
Wed Jun 19 2024 00:30:00 GMT+0200 (Mitteleuropäische Sommerzeit),26029.1853007936
Wed Jun 19 2024 00:35:00 GMT+0200 (Mitteleuropäische Sommerzeit),26329.1832489172
Wed Jun 19 2024 00:40:00 GMT+0200 (Mitteleuropäische Sommerzeit),26629.147689763
Wed Jun 19 2024 00:45:00 GMT+0200 (Mitteleuropäische Sommerzeit),26929.187440427202
Wed Jun 19 2024 00:50:00 GMT+0200 (Mitteleuropäische Sommerzeit),27229.1835620582
Wed Jun 19 2024 00:55:00 GMT+0200 (Mitteleuropäische Sommerzeit),27529.1545714256
Wed Jun 19 2024 01:00:00 GMT+0200 (Mitteleuropäische Sommerzeit),27829.1709247458
Wed Jun 19 2024 01:05:00 GMT+0200 (Mitteleuropäische Sommerzeit),28129.1774710914
Wed Jun 19 2024 01:10:00 GMT+0200 (Mitteleuropäische Sommerzeit),28429.152539778
Wed Jun 19 2024 01:15:00 GMT+0200 (Mitteleuropäische Sommerzeit),28729.1650547184
Wed Jun 19 2024 01:20:00 GMT+0200 (Mitteleuropäische Sommerzeit),29029.1746520636
Wed Jun 19 2024 01:25:00 GMT+0200 (Mitteleuropäische Sommerzeit),29329.1542903136
Wed Jun 19 2024 01:30:00 GMT+0200 (Mitteleuropäische Sommerzeit),29629.152897142798
Wed Jun 19 2024 01:35:00 GMT+0200 (Mitteleuropäische Sommerzeit),29929.1849074164
Wed Jun 19 2024 01:40:00 GMT+0200 (Mitteleuropäische Sommerzeit),30229.1491410636
Wed Jun 19 2024 01:45:00 GMT+0200 (Mitteleuropäische Sommerzeit),30529.1478725878
Wed Jun 19 2024 01:50:00 GMT+0200 (Mitteleuropäische Sommerzeit),30829.1900627842
Wed Jun 19 2024 01:55:00 GMT+0200 (Mitteleuropäische Sommerzeit),31129.1507558304
Wed Jun 19 2024 02:00:00 GMT+0200 (Mitteleuropäische Sommerzeit),31429.139440779603
Wed Jun 19 2024 02:05:00 GMT+0200 (Mitteleuropäische Sommerzeit),31729.179158007202
Wed Jun 19 2024 02:10:00 GMT+0200 (Mitteleuropäische Sommerzeit),32029.1567731362
Wed Jun 19 2024 02:15:00 GMT+0200 (Mitteleuropäische Sommerzeit),32329.160473965203
Wed Jun 19 2024 02:20:00 GMT+0200 (Mitteleuropäische Sommerzeit),32629.171035548003
Wed Jun 19 2024 02:25:00 GMT+0200 (Mitteleuropäische Sommerzeit),32929.1692205656
Wed Jun 19 2024 02:30:00 GMT+0200 (Mitteleuropäische Sommerzeit),33229.151354607995
Wed Jun 19 2024 02:35:00 GMT+0200 (Mitteleuropäische Sommerzeit),33529.16711173321
Wed Jun 19 2024 02:40:00 GMT+0200 (Mitteleuropäische Sommerzeit),33829.1772266022
Wed Jun 19 2024 02:45:00 GMT+0200 (Mitteleuropäische Sommerzeit),34129.156038339206
Wed Jun 19 2024 02:50:00 GMT+0200 (Mitteleuropäische Sommerzeit),34429.1698736722
Wed Jun 19 2024 02:55:00 GMT+0200 (Mitteleuropäische Sommerzeit),34729.1809216142
Wed Jun 19 2024 03:00:00 GMT+0200 (Mitteleuropäische Sommerzeit),35029.14357945019
Wed Jun 19 2024 03:05:00 GMT+0200 (Mitteleuropäische Sommerzeit),35329.1665202116
Wed Jun 19 2024 03:10:00 GMT+0200 (Mitteleuropäische Sommerzeit),35629.1935373092
Wed Jun 19 2024 03:15:00 GMT+0200 (Mitteleuropäische Sommerzeit),35929.159512447804
Wed Jun 19 2024 03:20:00 GMT+0200 (Mitteleuropäische Sommerzeit),36229.1552532406
Wed Jun 19 2024 03:25:00 GMT+0200 (Mitteleuropäische Sommerzeit),36529.195933449606
Wed Jun 19 2024 03:30:00 GMT+0200 (Mitteleuropäische Sommerzeit),36829.1530494052
Wed Jun 19 2024 03:35:00 GMT+0200 (Mitteleuropäische Sommerzeit),37129.150734992196
Wed Jun 19 2024 03:40:00 GMT+0200 (Mitteleuropäische Sommerzeit),37429.1902026148
Wed Jun 19 2024 03:45:00 GMT+0200 (Mitteleuropäische Sommerzeit),37729.1541976676
Wed Jun 19 2024 03:50:00 GMT+0200 (Mitteleuropäische Sommerzeit),38029.15834162741
Wed Jun 19 2024 03:55:00 GMT+0200 (Mitteleuropäische Sommerzeit),38329.190952946
Wed Jun 19 2024 04:00:00 GMT+0200 (Mitteleuropäische Sommerzeit),38629.16225380781
Wed Jun 19 2024 04:05:00 GMT+0200 (Mitteleuropäische Sommerzeit),38929.145349212806
Wed Jun 19 2024 04:10:00 GMT+0200 (Mitteleuropäische Sommerzeit),39229.1702088476
Wed Jun 19 2024 04:15:00 GMT+0200 (Mitteleuropäische Sommerzeit),39529.183012407
Wed Jun 19 2024 04:20:00 GMT+0200 (Mitteleuropäische Sommerzeit),39829.1539832326
Wed Jun 19 2024 04:25:00 GMT+0200 (Mitteleuropäische Sommerzeit),40129.1603265428
Wed Jun 19 2024 04:30:00 GMT+0200 (Mitteleuropäische Sommerzeit),40429.1863952464
Wed Jun 19 2024 04:35:00 GMT+0200 (Mitteleuropäische Sommerzeit),40729.156943270194
Wed Jun 19 2024 04:40:00 GMT+0200 (Mitteleuropäische Sommerzeit),41029.174150531806
Wed Jun 19 2024 04:45:00 GMT+0200 (Mitteleuropäische Sommerzeit),41329.1814634268
Wed Jun 19 2024 04:50:00 GMT+0200 (Mitteleuropäische Sommerzeit),41629.1415577616
Wed Jun 19 2024 04:55:00 GMT+0200 (Mitteleuropäische Sommerzeit),41929.154401354404
Wed Jun 19 2024 05:00:00 GMT+0200 (Mitteleuropäische Sommerzeit),42229.1916210786
Wed Jun 19 2024 05:05:00 GMT+0200 (Mitteleuropäische Sommerzeit),42529.1335715446
Wed Jun 19 2024 05:10:00 GMT+0200 (Mitteleuropäische Sommerzeit),42829.133640373
Wed Jun 19 2024 05:15:00 GMT+0200 (Mitteleuropäische Sommerzeit),43129.1538768348
Wed Jun 19 2024 05:20:00 GMT+0200 (Mitteleuropäische Sommerzeit),43429.1593795518
Wed Jun 19 2024 05:25:00 GMT+0200 (Mitteleuropäische Sommerzeit),43729.128778622406
Wed Jun 19 2024 05:30:00 GMT+0200 (Mitteleuropäische Sommerzeit),44029.1324923664
Wed Jun 19 2024 05:35:00 GMT+0200 (Mitteleuropäische Sommerzeit),44329.14769906601
Wed Jun 19 2024 05:40:00 GMT+0200 (Mitteleuropäische Sommerzeit),44629.1689308904
Wed Jun 19 2024 05:45:00 GMT+0200 (Mitteleuropäische Sommerzeit),44929.128759824
Wed Jun 19 2024 05:50:00 GMT+0200 (Mitteleuropäische Sommerzeit),45229.1308833318
Wed Jun 19 2024 05:55:00 GMT+0200 (Mitteleuropäische Sommerzeit),45529.16358503459
Wed Jun 19 2024 06:00:00 GMT+0200 (Mitteleuropäische Sommerzeit),45829.167338765794
Wed Jun 19 2024 06:05:00 GMT+0200 (Mitteleuropäische Sommerzeit),46129.137718729806
Wed Jun 19 2024 06:10:00 GMT+0200 (Mitteleuropäische Sommerzeit),46429.134189952594
Wed Jun 19 2024 06:15:00 GMT+0200 (Mitteleuropäische Sommerzeit),46729.1756102706
Wed Jun 19 2024 06:20:00 GMT+0200 (Mitteleuropäische Sommerzeit),47029.1443460594
Wed Jun 19 2024 06:25:00 GMT+0200 (Mitteleuropäische Sommerzeit),47329.1409181034
Wed Jun 19 2024 06:30:00 GMT+0200 (Mitteleuropäische Sommerzeit),47629.1440229652
Wed Jun 19 2024 06:35:00 GMT+0200 (Mitteleuropäische Sommerzeit),47929.16111547859
Wed Jun 19 2024 06:40:00 GMT+0200 (Mitteleuropäische Sommerzeit),48229.142240543195
Wed Jun 19 2024 06:45:00 GMT+0200 (Mitteleuropäische Sommerzeit),48529.1302952532
Wed Jun 19 2024 06:50:00 GMT+0200 (Mitteleuropäische Sommerzeit),48829.144158462805
Wed Jun 19 2024 06:55:00 GMT+0200 (Mitteleuropäische Sommerzeit),49129.1635261278
Wed Jun 19 2024 07:00:00 GMT+0200 (Mitteleuropäische Sommerzeit),49429.13563739399
Wed Jun 19 2024 07:05:00 GMT+0200 (Mitteleuropäische Sommerzeit),49729.12967611461
Wed Jun 19 2024 07:10:00 GMT+0200 (Mitteleuropäische Sommerzeit),50029.14498580319
Wed Jun 19 2024 07:15:00 GMT+0200 (Mitteleuropäische Sommerzeit),50329.167353004
Wed Jun 19 2024 07:20:00 GMT+0200 (Mitteleuropäische Sommerzeit),50629.1385593826
Wed Jun 19 2024 07:25:00 GMT+0200 (Mitteleuropäische Sommerzeit),50929.12978994
Wed Jun 19 2024 07:30:00 GMT+0200 (Mitteleuropäische Sommerzeit),51229.14099260639
Wed Jun 19 2024 07:35:00 GMT+0200 (Mitteleuropäische Sommerzeit),51529.1628693536
Wed Jun 19 2024 07:40:00 GMT+0200 (Mitteleuropäische Sommerzeit),51829.1327964972
Wed Jun 19 2024 07:45:00 GMT+0200 (Mitteleuropäische Sommerzeit),52129.1336507744
Wed Jun 19 2024 07:50:00 GMT+0200 (Mitteleuropäische Sommerzeit),52429.1555673454
Wed Jun 19 2024 07:55:00 GMT+0200 (Mitteleuropäische Sommerzeit),52729.162209783404
Wed Jun 19 2024 08:00:00 GMT+0200 (Mitteleuropäische Sommerzeit),53029.1325104476
Wed Jun 19 2024 08:05:00 GMT+0200 (Mitteleuropäische Sommerzeit),53329.1299430426
Wed Jun 19 2024 08:10:00 GMT+0200 (Mitteleuropäische Sommerzeit),53629.16365955879
Wed Jun 19 2024 08:15:00 GMT+0200 (Mitteleuropäische Sommerzeit),53929.16075075
Wed Jun 19 2024 08:20:00 GMT+0200 (Mitteleuropäische Sommerzeit),54229.1373799134
Wed Jun 19 2024 08:25:00 GMT+0200 (Mitteleuropäische Sommerzeit),54529.1423967386
Wed Jun 19 2024 08:30:00 GMT+0200 (Mitteleuropäische Sommerzeit),54829.172528457595
Wed Jun 19 2024 08:35:00 GMT+0200 (Mitteleuropäische Sommerzeit),55129.1573529272
Wed Jun 19 2024 08:40:00 GMT+0200 (Mitteleuropäische Sommerzeit),55429.13738296621
Wed Jun 19 2024 08:45:00 GMT+0200 (Mitteleuropäische Sommerzeit),55729.144088897
Wed Jun 19 2024 08:50:00 GMT+0200 (Mitteleuropäische Sommerzeit),56029.1724438806
Wed Jun 19 2024 08:55:00 GMT+0200 (Mitteleuropäische Sommerzeit),56329.140974264395
Wed Jun 19 2024 09:00:00 GMT+0200 (Mitteleuropäische Sommerzeit),56629.1334115454
Wed Jun 19 2024 09:05:00 GMT+0200 (Mitteleuropäische Sommerzeit),56929.1608164344
Wed Jun 19 2024 09:10:00 GMT+0200 (Mitteleuropäische Sommerzeit),57229.1764389916
Wed Jun 19 2024 09:15:00 GMT+0200 (Mitteleuropäische Sommerzeit),57529.1369923044
Wed Jun 19 2024 09:20:00 GMT+0200 (Mitteleuropäische Sommerzeit),57829.134910771
Wed Jun 19 2024 09:25:00 GMT+0200 (Mitteleuropäische Sommerzeit),58129.1697894782
Wed Jun 19 2024 09:30:00 GMT+0200 (Mitteleuropäische Sommerzeit),58429.15091818081
Wed Jun 19 2024 09:35:00 GMT+0200 (Mitteleuropäische Sommerzeit),58729.143445962596
Wed Jun 19 2024 09:40:00 GMT+0200 (Mitteleuropäische Sommerzeit),59029.1538230764
Wed Jun 19 2024 09:45:00 GMT+0200 (Mitteleuropäische Sommerzeit),59329.1651448428
Wed Jun 19 2024 09:50:00 GMT+0200 (Mitteleuropäische Sommerzeit),59629.1360862146
Wed Jun 19 2024 09:55:00 GMT+0200 (Mitteleuropäische Sommerzeit),59929.13062022
Wed Jun 19 2024 10:00:00 GMT+0200 (Mitteleuropäische Sommerzeit),60229.150506834594
Wed Jun 19 2024 10:05:00 GMT+0200 (Mitteleuropäische Sommerzeit),60529.163379722
Wed Jun 19 2024 10:10:00 GMT+0200 (Mitteleuropäische Sommerzeit),60829.138311391594
Wed Jun 19 2024 10:15:00 GMT+0200 (Mitteleuropäische Sommerzeit),61129.145191567
Wed Jun 19 2024 10:20:00 GMT+0200 (Mitteleuropäische Sommerzeit),61429.176810262594
Wed Jun 19 2024 10:25:00 GMT+0200 (Mitteleuropäische Sommerzeit),61729.1429490558
Wed Jun 19 2024 10:30:00 GMT+0200 (Mitteleuropäische Sommerzeit),62029.13400617019
Wed Jun 19 2024 10:35:00 GMT+0200 (Mitteleuropäische Sommerzeit),62329.16101145321
Wed Jun 19 2024 10:40:00 GMT+0200 (Mitteleuropäische Sommerzeit),62629.16999991781
Wed Jun 19 2024 10:45:00 GMT+0200 (Mitteleuropäische Sommerzeit),62929.1379516604
Wed Jun 19 2024 10:50:00 GMT+0200 (Mitteleuropäische Sommerzeit),63229.1379579786
Wed Jun 19 2024 10:55:00 GMT+0200 (Mitteleuropäische Sommerzeit),63529.1716805006
Wed Jun 19 2024 11:00:00 GMT+0200 (Mitteleuropäische Sommerzeit),63829.155268462004
Wed Jun 19 2024 11:05:00 GMT+0200 (Mitteleuropäische Sommerzeit),64129.1387512984
Wed Jun 19 2024 11:10:00 GMT+0200 (Mitteleuropäische Sommerzeit),64429.1530620978
Wed Jun 19 2024 11:15:00 GMT+0200 (Mitteleuropäische Sommerzeit),64729.1677168916
Wed Jun 19 2024 11:20:00 GMT+0200 (Mitteleuropäische Sommerzeit),65029.1402084218
Wed Jun 19 2024 11:25:00 GMT+0200 (Mitteleuropäische Sommerzeit),65329.13536936019
Wed Jun 19 2024 11:30:00 GMT+0200 (Mitteleuropäische Sommerzeit),65629.166985316
Wed Jun 19 2024 11:35:00 GMT+0200 (Mitteleuropäische Sommerzeit),65929.1625524876
Wed Jun 19 2024 11:40:00 GMT+0200 (Mitteleuropäische Sommerzeit),66229.1331634244
Wed Jun 19 2024 11:45:00 GMT+0200 (Mitteleuropäische Sommerzeit),66529.1413836536
Wed Jun 19 2024 11:50:00 GMT+0200 (Mitteleuropäische Sommerzeit),66829.16953666022
Wed Jun 19 2024 11:55:00 GMT+0200 (Mitteleuropäische Sommerzeit),67129.14130635341
Wed Jun 19 2024 12:00:00 GMT+0200 (Mitteleuropäische Sommerzeit),67429.13738199438
Wed Jun 19 2024 12:05:00 GMT+0200 (Mitteleuropäische Sommerzeit),67729.15808404039
Wed Jun 19 2024 12:10:00 GMT+0200 (Mitteleuropäische Sommerzeit),68029.1659486942
Wed Jun 19 2024 12:15:00 GMT+0200 (Mitteleuropäische Sommerzeit),68329.13493660299
Wed Jun 19 2024 12:20:00 GMT+0200 (Mitteleuropäische Sommerzeit),68629.13515358239
Wed Jun 19 2024 12:25:00 GMT+0200 (Mitteleuropäische Sommerzeit),68929.1636462862
Wed Jun 19 2024 12:30:00 GMT+0200 (Mitteleuropäische Sommerzeit),69229.1516929918
Wed Jun 19 2024 12:35:00 GMT+0200 (Mitteleuropäische Sommerzeit),69529.13305647441
Wed Jun 19 2024 12:40:00 GMT+0200 (Mitteleuropäische Sommerzeit),69829.14565024781
Wed Jun 19 2024 12:45:00 GMT+0200 (Mitteleuropäische Sommerzeit),70129.1662293394
Wed Jun 19 2024 12:50:00 GMT+0200 (Mitteleuropäische Sommerzeit),70429.1494168298
Wed Jun 19 2024 12:55:00 GMT+0200 (Mitteleuropäische Sommerzeit),70729.1435410078
Wed Jun 19 2024 13:00:00 GMT+0200 (Mitteleuropäische Sommerzeit),71029.1573989584
Wed Jun 19 2024 13:05:00 GMT+0200 (Mitteleuropäische Sommerzeit),71329.1605908024
Wed Jun 19 2024 13:10:00 GMT+0200 (Mitteleuropäische Sommerzeit),71629.1430038552
Wed Jun 19 2024 13:15:00 GMT+0200 (Mitteleuropäische Sommerzeit),71929.1489706388
Wed Jun 19 2024 13:20:00 GMT+0200 (Mitteleuropäische Sommerzeit),72229.1667888964
Wed Jun 19 2024 13:25:00 GMT+0200 (Mitteleuropäische Sommerzeit),72529.16136964879
Wed Jun 19 2024 13:30:00 GMT+0200 (Mitteleuropäische Sommerzeit),72829.14367499
Wed Jun 19 2024 13:35:00 GMT+0200 (Mitteleuropäische Sommerzeit),73129.148130402
Wed Jun 19 2024 13:40:00 GMT+0200 (Mitteleuropäische Sommerzeit),73429.1697845972
Wed Jun 19 2024 13:45:00 GMT+0200 (Mitteleuropäische Sommerzeit),73729.1408590354
Wed Jun 19 2024 13:50:00 GMT+0200 (Mitteleuropäische Sommerzeit),74029.1356978958
Wed Jun 19 2024 13:55:00 GMT+0200 (Mitteleuropäische Sommerzeit),74329.1650259688
Wed Jun 19 2024 14:00:00 GMT+0200 (Mitteleuropäische Sommerzeit),74629.155099241
Wed Jun 19 2024 14:05:00 GMT+0200 (Mitteleuropäische Sommerzeit),74929.13345486841
Wed Jun 19 2024 14:10:00 GMT+0200 (Mitteleuropäische Sommerzeit),75229.136109831
Wed Jun 19 2024 14:15:00 GMT+0200 (Mitteleuropäische Sommerzeit),75529.161898516
Wed Jun 19 2024 14:20:00 GMT+0200 (Mitteleuropäische Sommerzeit),75829.14972540199
Wed Jun 19 2024 14:25:00 GMT+0200 (Mitteleuropäische Sommerzeit),76129.134066014
Wed Jun 19 2024 14:30:00 GMT+0200 (Mitteleuropäische Sommerzeit),76429.15401756958
Wed Jun 19 2024 14:35:00 GMT+0200 (Mitteleuropäische Sommerzeit),76729.1674068694
Wed Jun 19 2024 14:40:00 GMT+0200 (Mitteleuropäische Sommerzeit),77029.1363130476
Wed Jun 19 2024 14:45:00 GMT+0200 (Mitteleuropäische Sommerzeit),77329.1343263766
Wed Jun 19 2024 14:50:00 GMT+0200 (Mitteleuropäische Sommerzeit),77629.164445286
Wed Jun 19 2024 14:55:00 GMT+0200 (Mitteleuropäische Sommerzeit),77929.15419207599
Wed Jun 19 2024 15:00:00 GMT+0200 (Mitteleuropäische Sommerzeit),78229.1362989848
Wed Jun 19 2024 15:05:00 GMT+0200 (Mitteleuropäische Sommerzeit),78529.139638374
Wed Jun 19 2024 15:10:00 GMT+0200 (Mitteleuropäische Sommerzeit),78829.17135954418
Wed Jun 19 2024 15:15:00 GMT+0200 (Mitteleuropäische Sommerzeit),79129.1492792854
Wed Jun 19 2024 15:20:00 GMT+0200 (Mitteleuropäische Sommerzeit),79429.13834152899
Wed Jun 19 2024 15:25:00 GMT+0200 (Mitteleuropäische Sommerzeit),79729.1471288884
Wed Jun 19 2024 15:30:00 GMT+0200 (Mitteleuropäische Sommerzeit),80029.1765855634
Wed Jun 19 2024 15:35:00 GMT+0200 (Mitteleuropäische Sommerzeit),80329.13405067941
Wed Jun 19 2024 15:40:00 GMT+0200 (Mitteleuropäische Sommerzeit),80629.1338454086
Wed Jun 19 2024 15:45:00 GMT+0200 (Mitteleuropäische Sommerzeit),80929.1559850378
Wed Jun 19 2024 15:50:00 GMT+0200 (Mitteleuropäische Sommerzeit),81229.1603768312
Wed Jun 19 2024 15:55:00 GMT+0200 (Mitteleuropäische Sommerzeit),81529.13335475081
Wed Jun 19 2024 16:00:00 GMT+0200 (Mitteleuropäische Sommerzeit),81829.13744770159
Wed Jun 19 2024 16:05:00 GMT+0200 (Mitteleuropäische Sommerzeit),82129.1738345154
Wed Jun 19 2024 16:10:00 GMT+0200 (Mitteleuropäische Sommerzeit),82429.1528289578
Wed Jun 19 2024 16:15:00 GMT+0200 (Mitteleuropäische Sommerzeit),82729.136424011
Wed Jun 19 2024 16:20:00 GMT+0200 (Mitteleuropäische Sommerzeit),83029.1466050702
Wed Jun 19 2024 16:25:00 GMT+0200 (Mitteleuropäische Sommerzeit),83329.1682358202
Wed Jun 19 2024 16:30:00 GMT+0200 (Mitteleuropäische Sommerzeit),83629.13446400319
Wed Jun 19 2024 16:35:00 GMT+0200 (Mitteleuropäische Sommerzeit),83929.1380421452
Wed Jun 19 2024 16:40:00 GMT+0200 (Mitteleuropäische Sommerzeit),84229.14912665321
Wed Jun 19 2024 16:45:00 GMT+0200 (Mitteleuropäische Sommerzeit),84529.1587944332
Wed Jun 19 2024 16:50:00 GMT+0200 (Mitteleuropäische Sommerzeit),84829.142734287
Wed Jun 19 2024 16:55:00 GMT+0200 (Mitteleuropäische Sommerzeit),85129.1362640964
Wed Jun 19 2024 17:00:00 GMT+0200 (Mitteleuropäische Sommerzeit),85429.1645836104
Wed Jun 19 2024 17:05:00 GMT+0200 (Mitteleuropäische Sommerzeit),85729.1497970842
Wed Jun 19 2024 17:10:00 GMT+0200 (Mitteleuropäische Sommerzeit),86029.1368340048
Wed Jun 19 2024 17:15:00 GMT+0200 (Mitteleuropäische Sommerzeit),86329.1485898182
Wed Jun 19 2024 17:20:00 GMT+0200 (Mitteleuropäische Sommerzeit),86629.16561430281
Wed Jun 19 2024 17:25:00 GMT+0200 (Mitteleuropäische Sommerzeit),86929.1391625594
Wed Jun 19 2024 17:30:00 GMT+0200 (Mitteleuropäische Sommerzeit),87229.1445426566
Wed Jun 19 2024 17:35:00 GMT+0200 (Mitteleuropäische Sommerzeit),87529.1532818796
Wed Jun 19 2024 17:40:00 GMT+0200 (Mitteleuropäische Sommerzeit),87829.1570126238
Wed Jun 19 2024 17:45:00 GMT+0200 (Mitteleuropäische Sommerzeit),88129.133369755
Wed Jun 19 2024 17:50:00 GMT+0200 (Mitteleuropäische Sommerzeit),88429.14280927481
Wed Jun 19 2024 17:55:00 GMT+0200 (Mitteleuropäische Sommerzeit),88729.168892538
Wed Jun 19 2024 18:00:00 GMT+0200 (Mitteleuropäische Sommerzeit),89029.14743447179
Wed Jun 19 2024 18:05:00 GMT+0200 (Mitteleuropäische Sommerzeit),89329.1343488442
Wed Jun 19 2024 18:10:00 GMT+0200 (Mitteleuropäische Sommerzeit),89629.1517731252
Wed Jun 19 2024 18:15:00 GMT+0200 (Mitteleuropäische Sommerzeit),89929.1691307828
Wed Jun 19 2024 18:20:00 GMT+0200 (Mitteleuropäische Sommerzeit),90229.1407059896
Wed Jun 19 2024 18:25:00 GMT+0200 (Mitteleuropäische Sommerzeit),90529.13686030041
Wed Jun 19 2024 18:30:00 GMT+0200 (Mitteleuropäische Sommerzeit),90829.17102652279
Wed Jun 19 2024 18:35:00 GMT+0200 (Mitteleuropäische Sommerzeit),91129.1555254302
Wed Jun 19 2024 18:40:00 GMT+0200 (Mitteleuropäische Sommerzeit),91429.1390446062
Wed Jun 19 2024 18:45:00 GMT+0200 (Mitteleuropäische Sommerzeit),91729.14570688801
Wed Jun 19 2024 18:50:00 GMT+0200 (Mitteleuropäische Sommerzeit),92029.17404403919
Wed Jun 19 2024 18:55:00 GMT+0200 (Mitteleuropäische Sommerzeit),92329.14337249841
Wed Jun 19 2024 19:00:00 GMT+0200 (Mitteleuropäische Sommerzeit),92629.1362420866
Wed Jun 19 2024 19:05:00 GMT+0200 (Mitteleuropäische Sommerzeit),92929.1542662366
Wed Jun 19 2024 19:10:00 GMT+0200 (Mitteleuropäische Sommerzeit),93229.16047390981
Wed Jun 19 2024 19:15:00 GMT+0200 (Mitteleuropäische Sommerzeit),93529.1429009246
Wed Jun 19 2024 19:20:00 GMT+0200 (Mitteleuropäische Sommerzeit),93829.14096840899
Wed Jun 19 2024 19:25:00 GMT+0200 (Mitteleuropäische Sommerzeit),94129.16207477379
Wed Jun 19 2024 19:30:00 GMT+0200 (Mitteleuropäische Sommerzeit),94429.1551684764