TimeSeries ID,container/uptime.k8s_container.ALIGN_MEAN.REDUCE_SUM.metric.type="kubernetes.io/container/uptime" resource.type="k8s_container" resource.label."pod_name"="cartservice-67454688f9-7k8jj".60s.project_id:cnae-422614
project_id,cnae-422614
Tue Jun 18 2024 19:25:00 GMT+0200 (Mitteleuropäische Sommerzeit),7738.1635256792
Tue Jun 18 2024 19:30:00 GMT+0200 (Mitteleuropäische Sommerzeit),8038.144387634
Tue Jun 18 2024 19:35:00 GMT+0200 (Mitteleuropäische Sommerzeit),8338.1367869452
Tue Jun 18 2024 19:40:00 GMT+0200 (Mitteleuropäische Sommerzeit),8638.148749445998
Tue Jun 18 2024 19:45:00 GMT+0200 (Mitteleuropäische Sommerzeit),8938.166795934001
Tue Jun 18 2024 19:50:00 GMT+0200 (Mitteleuropäische Sommerzeit),9238.1349744634
Tue Jun 18 2024 19:55:00 GMT+0200 (Mitteleuropäische Sommerzeit),9538.130736942601
Tue Jun 18 2024 20:00:00 GMT+0200 (Mitteleuropäische Sommerzeit),9838.1629866056
Tue Jun 18 2024 20:05:00 GMT+0200 (Mitteleuropäische Sommerzeit),10138.160904541799
Tue Jun 18 2024 20:10:00 GMT+0200 (Mitteleuropäische Sommerzeit),10438.1366590912
Tue Jun 18 2024 20:15:00 GMT+0200 (Mitteleuropäische Sommerzeit),10738.1340577732
Tue Jun 18 2024 20:20:00 GMT+0200 (Mitteleuropäische Sommerzeit),11038.146434130598
Tue Jun 18 2024 20:25:00 GMT+0200 (Mitteleuropäische Sommerzeit),11338.1628038068
Tue Jun 18 2024 20:30:00 GMT+0200 (Mitteleuropäische Sommerzeit),11638.1420035724
Tue Jun 18 2024 20:35:00 GMT+0200 (Mitteleuropäische Sommerzeit),11938.132464141601
Tue Jun 18 2024 20:40:00 GMT+0200 (Mitteleuropäische Sommerzeit),12238.1467935086
Tue Jun 18 2024 20:45:00 GMT+0200 (Mitteleuropäische Sommerzeit),12538.1613981372
Tue Jun 18 2024 20:50:00 GMT+0200 (Mitteleuropäische Sommerzeit),12838.1340729326
Tue Jun 18 2024 20:55:00 GMT+0200 (Mitteleuropäische Sommerzeit),13138.1338345614
Tue Jun 18 2024 21:00:00 GMT+0200 (Mitteleuropäische Sommerzeit),13438.1494354344
Tue Jun 18 2024 21:05:00 GMT+0200 (Mitteleuropäische Sommerzeit),13738.164945336797
Tue Jun 18 2024 21:10:00 GMT+0200 (Mitteleuropäische Sommerzeit),14038.131746106
Tue Jun 18 2024 21:15:00 GMT+0200 (Mitteleuropäische Sommerzeit),14338.133901279802
Tue Jun 18 2024 21:20:00 GMT+0200 (Mitteleuropäische Sommerzeit),14638.1492363506
Tue Jun 18 2024 21:25:00 GMT+0200 (Mitteleuropäische Sommerzeit),14938.1546250356
Tue Jun 18 2024 21:30:00 GMT+0200 (Mitteleuropäische Sommerzeit),15238.134511734399
Tue Jun 18 2024 21:35:00 GMT+0200 (Mitteleuropäische Sommerzeit),15538.1339372972
Tue Jun 18 2024 21:40:00 GMT+0200 (Mitteleuropäische Sommerzeit),15838.157454696999
Tue Jun 18 2024 21:45:00 GMT+0200 (Mitteleuropäische Sommerzeit),16138.1585146248
Tue Jun 18 2024 21:50:00 GMT+0200 (Mitteleuropäische Sommerzeit),16438.132711989998
Tue Jun 18 2024 21:55:00 GMT+0200 (Mitteleuropäische Sommerzeit),16738.1301493558
Tue Jun 18 2024 22:00:00 GMT+0200 (Mitteleuropäische Sommerzeit),17038.152887712997
Tue Jun 18 2024 22:05:00 GMT+0200 (Mitteleuropäische Sommerzeit),17338.160745638997
Tue Jun 18 2024 22:10:00 GMT+0200 (Mitteleuropäische Sommerzeit),17638.1292977864
Tue Jun 18 2024 22:15:00 GMT+0200 (Mitteleuropäische Sommerzeit),17938.1356794576
Tue Jun 18 2024 22:20:00 GMT+0200 (Mitteleuropäische Sommerzeit),18238.1529876942
Tue Jun 18 2024 22:25:00 GMT+0200 (Mitteleuropäische Sommerzeit),18538.160500256003
Tue Jun 18 2024 22:30:00 GMT+0200 (Mitteleuropäische Sommerzeit),18838.1352784892
Tue Jun 18 2024 22:35:00 GMT+0200 (Mitteleuropäische Sommerzeit),19138.1324782818
Tue Jun 18 2024 22:40:00 GMT+0200 (Mitteleuropäische Sommerzeit),19438.1688321932
Tue Jun 18 2024 22:45:00 GMT+0200 (Mitteleuropäische Sommerzeit),19738.147117295997
Tue Jun 18 2024 22:50:00 GMT+0200 (Mitteleuropäische Sommerzeit),20038.1346867734
Tue Jun 18 2024 22:55:00 GMT+0200 (Mitteleuropäische Sommerzeit),20338.1319856118
Tue Jun 18 2024 23:00:00 GMT+0200 (Mitteleuropäische Sommerzeit),20638.163914971203
Tue Jun 18 2024 23:05:00 GMT+0200 (Mitteleuropäische Sommerzeit),20938.144721042998
Tue Jun 18 2024 23:10:00 GMT+0200 (Mitteleuropäische Sommerzeit),21238.1320251028
Tue Jun 18 2024 23:15:00 GMT+0200 (Mitteleuropäische Sommerzeit),21538.1367401656
Tue Jun 18 2024 23:20:00 GMT+0200 (Mitteleuropäische Sommerzeit),21838.164278153
Tue Jun 18 2024 23:25:00 GMT+0200 (Mitteleuropäische Sommerzeit),22138.1410977262
Tue Jun 18 2024 23:30:00 GMT+0200 (Mitteleuropäische Sommerzeit),22438.135080712604
Tue Jun 18 2024 23:35:00 GMT+0200 (Mitteleuropäische Sommerzeit),22738.1409532616
Tue Jun 18 2024 23:40:00 GMT+0200 (Mitteleuropäische Sommerzeit),23038.1621203696
Tue Jun 18 2024 23:45:00 GMT+0200 (Mitteleuropäische Sommerzeit),23338.1375056186
Tue Jun 18 2024 23:50:00 GMT+0200 (Mitteleuropäische Sommerzeit),23638.1314219232
Tue Jun 18 2024 23:55:00 GMT+0200 (Mitteleuropäische Sommerzeit),23938.1455819642
Wed Jun 19 2024 00:00:00 GMT+0200 (Mitteleuropäische Sommerzeit),24238.1662053548
Wed Jun 19 2024 00:05:00 GMT+0200 (Mitteleuropäische Sommerzeit),24538.142753502998
Wed Jun 19 2024 00:10:00 GMT+0200 (Mitteleuropäische Sommerzeit),24838.145988606
Wed Jun 19 2024 00:15:00 GMT+0200 (Mitteleuropäische Sommerzeit),25138.1705880258
Wed Jun 19 2024 00:20:00 GMT+0200 (Mitteleuropäische Sommerzeit),25438.1803168564
Wed Jun 19 2024 00:25:00 GMT+0200 (Mitteleuropäische Sommerzeit),25738.1565594126
Wed Jun 19 2024 00:30:00 GMT+0200 (Mitteleuropäische Sommerzeit),26038.185365764795
Wed Jun 19 2024 00:35:00 GMT+0200 (Mitteleuropäische Sommerzeit),26338.183633394598
Wed Jun 19 2024 00:40:00 GMT+0200 (Mitteleuropäische Sommerzeit),26638.147710655
Wed Jun 19 2024 00:45:00 GMT+0200 (Mitteleuropäische Sommerzeit),26938.187151701997
Wed Jun 19 2024 00:50:00 GMT+0200 (Mitteleuropäische Sommerzeit),27238.183710819198
Wed Jun 19 2024 00:55:00 GMT+0200 (Mitteleuropäische Sommerzeit),27538.154622516002
Wed Jun 19 2024 01:00:00 GMT+0200 (Mitteleuropäische Sommerzeit),27838.170946955797
Wed Jun 19 2024 01:05:00 GMT+0200 (Mitteleuropäische Sommerzeit),28138.177297249797
Wed Jun 19 2024 01:10:00 GMT+0200 (Mitteleuropäische Sommerzeit),28438.153732120198
Wed Jun 19 2024 01:15:00 GMT+0200 (Mitteleuropäische Sommerzeit),28738.1649182126
Wed Jun 19 2024 01:20:00 GMT+0200 (Mitteleuropäische Sommerzeit),29038.174600304403
Wed Jun 19 2024 01:25:00 GMT+0200 (Mitteleuropäische Sommerzeit),29338.154273064
Wed Jun 19 2024 01:30:00 GMT+0200 (Mitteleuropäische Sommerzeit),29638.1529636272
Wed Jun 19 2024 01:35:00 GMT+0200 (Mitteleuropäische Sommerzeit),29938.1846678032
Wed Jun 19 2024 01:40:00 GMT+0200 (Mitteleuropäische Sommerzeit),30238.149197761795
Wed Jun 19 2024 01:45:00 GMT+0200 (Mitteleuropäische Sommerzeit),30538.147996932395
Wed Jun 19 2024 01:50:00 GMT+0200 (Mitteleuropäische Sommerzeit),30838.189962539
Wed Jun 19 2024 01:55:00 GMT+0200 (Mitteleuropäische Sommerzeit),31138.1507032748
Wed Jun 19 2024 02:00:00 GMT+0200 (Mitteleuropäische Sommerzeit),31438.139623069
Wed Jun 19 2024 02:05:00 GMT+0200 (Mitteleuropäische Sommerzeit),31738.1791995382
Wed Jun 19 2024 02:10:00 GMT+0200 (Mitteleuropäische Sommerzeit),32038.156461966602
Wed Jun 19 2024 02:15:00 GMT+0200 (Mitteleuropäische Sommerzeit),32338.1603676658
Wed Jun 19 2024 02:20:00 GMT+0200 (Mitteleuropäische Sommerzeit),32638.170899339202
Wed Jun 19 2024 02:25:00 GMT+0200 (Mitteleuropäische Sommerzeit),32938.1697206018
Wed Jun 19 2024 02:30:00 GMT+0200 (Mitteleuropäische Sommerzeit),33238.151064711
Wed Jun 19 2024 02:35:00 GMT+0200 (Mitteleuropäische Sommerzeit),33538.1668544246
Wed Jun 19 2024 02:40:00 GMT+0200 (Mitteleuropäische Sommerzeit),33838.177232945
Wed Jun 19 2024 02:45:00 GMT+0200 (Mitteleuropäische Sommerzeit),34138.156046799195
Wed Jun 19 2024 02:50:00 GMT+0200 (Mitteleuropäische Sommerzeit),34438.1697055246
Wed Jun 19 2024 02:55:00 GMT+0200 (Mitteleuropäische Sommerzeit),34738.180790811995
Wed Jun 19 2024 03:00:00 GMT+0200 (Mitteleuropäische Sommerzeit),35038.1438680664
Wed Jun 19 2024 03:05:00 GMT+0200 (Mitteleuropäische Sommerzeit),35338.166681427
Wed Jun 19 2024 03:10:00 GMT+0200 (Mitteleuropäische Sommerzeit),35638.193163576594
Wed Jun 19 2024 03:15:00 GMT+0200 (Mitteleuropäische Sommerzeit),35938.15858725041
Wed Jun 19 2024 03:20:00 GMT+0200 (Mitteleuropäische Sommerzeit),36238.155488410805
Wed Jun 19 2024 03:25:00 GMT+0200 (Mitteleuropäische Sommerzeit),36538.1959844066
Wed Jun 19 2024 03:30:00 GMT+0200 (Mitteleuropäische Sommerzeit),36838.1531949852
Wed Jun 19 2024 03:35:00 GMT+0200 (Mitteleuropäische Sommerzeit),37138.1507748328
Wed Jun 19 2024 03:40:00 GMT+0200 (Mitteleuropäische Sommerzeit),37438.1902147758
Wed Jun 19 2024 03:45:00 GMT+0200 (Mitteleuropäische Sommerzeit),37738.153768532
Wed Jun 19 2024 03:50:00 GMT+0200 (Mitteleuropäische Sommerzeit),38038.1579014916
Wed Jun 19 2024 03:55:00 GMT+0200 (Mitteleuropäische Sommerzeit),38338.190956611
Wed Jun 19 2024 04:00:00 GMT+0200 (Mitteleuropäische Sommerzeit),38638.1622381922
Wed Jun 19 2024 04:05:00 GMT+0200 (Mitteleuropäische Sommerzeit),38938.145196918005
Wed Jun 19 2024 04:10:00 GMT+0200 (Mitteleuropäische Sommerzeit),39238.1703310924
Wed Jun 19 2024 04:15:00 GMT+0200 (Mitteleuropäische Sommerzeit),39538.18340873339
Wed Jun 19 2024 04:20:00 GMT+0200 (Mitteleuropäische Sommerzeit),39838.1536479246
Wed Jun 19 2024 04:25:00 GMT+0200 (Mitteleuropäische Sommerzeit),40138.1604045794
Wed Jun 19 2024 04:30:00 GMT+0200 (Mitteleuropäische Sommerzeit),40438.187062513396
Wed Jun 19 2024 04:35:00 GMT+0200 (Mitteleuropäische Sommerzeit),40738.156939683
Wed Jun 19 2024 04:40:00 GMT+0200 (Mitteleuropäische Sommerzeit),41038.1741986382
Wed Jun 19 2024 04:45:00 GMT+0200 (Mitteleuropäische Sommerzeit),41338.1815823168
Wed Jun 19 2024 04:50:00 GMT+0200 (Mitteleuropäische Sommerzeit),41638.1416238722
Wed Jun 19 2024 04:55:00 GMT+0200 (Mitteleuropäische Sommerzeit),41938.1547176158
Wed Jun 19 2024 05:00:00 GMT+0200 (Mitteleuropäische Sommerzeit),42238.1914529572
Wed Jun 19 2024 05:05:00 GMT+0200 (Mitteleuropäische Sommerzeit),42538.133429263195
Wed Jun 19 2024 05:10:00 GMT+0200 (Mitteleuropäische Sommerzeit),42838.132822553
Wed Jun 19 2024 05:15:00 GMT+0200 (Mitteleuropäische Sommerzeit),43138.1539307294
Wed Jun 19 2024 05:20:00 GMT+0200 (Mitteleuropäische Sommerzeit),43438.1591310278
Wed Jun 19 2024 05:25:00 GMT+0200 (Mitteleuropäische Sommerzeit),43738.128755952595
Wed Jun 19 2024 05:30:00 GMT+0200 (Mitteleuropäische Sommerzeit),44038.132241147
Wed Jun 19 2024 05:35:00 GMT+0200 (Mitteleuropäische Sommerzeit),44338.147700687
Wed Jun 19 2024 05:40:00 GMT+0200 (Mitteleuropäische Sommerzeit),44638.1689423542
Wed Jun 19 2024 05:45:00 GMT+0200 (Mitteleuropäische Sommerzeit),44938.1286629542
Wed Jun 19 2024 05:50:00 GMT+0200 (Mitteleuropäische Sommerzeit),45238.13117383241
Wed Jun 19 2024 05:55:00 GMT+0200 (Mitteleuropäische Sommerzeit),45538.1636865662
Wed Jun 19 2024 06:00:00 GMT+0200 (Mitteleuropäische Sommerzeit),45838.1674556942
Wed Jun 19 2024 06:05:00 GMT+0200 (Mitteleuropäische Sommerzeit),46138.13740610921
Wed Jun 19 2024 06:10:00 GMT+0200 (Mitteleuropäische Sommerzeit),46438.134144740194
Wed Jun 19 2024 06:15:00 GMT+0200 (Mitteleuropäische Sommerzeit),46738.1756621206
Wed Jun 19 2024 06:20:00 GMT+0200 (Mitteleuropäische Sommerzeit),47038.144615017394
Wed Jun 19 2024 06:25:00 GMT+0200 (Mitteleuropäische Sommerzeit),47338.1411276376
Wed Jun 19 2024 06:30:00 GMT+0200 (Mitteleuropäische Sommerzeit),47638.143817102406
Wed Jun 19 2024 06:35:00 GMT+0200 (Mitteleuropäische Sommerzeit),47938.16121070059
Wed Jun 19 2024 06:40:00 GMT+0200 (Mitteleuropäische Sommerzeit),48238.1421949366
Wed Jun 19 2024 06:45:00 GMT+0200 (Mitteleuropäische Sommerzeit),48538.130328402796
Wed Jun 19 2024 06:50:00 GMT+0200 (Mitteleuropäische Sommerzeit),48838.144300900596
Wed Jun 19 2024 06:55:00 GMT+0200 (Mitteleuropäische Sommerzeit),49138.1637115194
Wed Jun 19 2024 07:00:00 GMT+0200 (Mitteleuropäische Sommerzeit),49438.1353272274
Wed Jun 19 2024 07:05:00 GMT+0200 (Mitteleuropäische Sommerzeit),49738.1297413412
Wed Jun 19 2024 07:10:00 GMT+0200 (Mitteleuropäische Sommerzeit),50038.145072649604
Wed Jun 19 2024 07:15:00 GMT+0200 (Mitteleuropäische Sommerzeit),50338.1673940068
Wed Jun 19 2024 07:20:00 GMT+0200 (Mitteleuropäische Sommerzeit),50638.1382582508
Wed Jun 19 2024 07:25:00 GMT+0200 (Mitteleuropäische Sommerzeit),50938.1296052016
Wed Jun 19 2024 07:30:00 GMT+0200 (Mitteleuropäische Sommerzeit),51238.14094931901
Wed Jun 19 2024 07:35:00 GMT+0200 (Mitteleuropäische Sommerzeit),51538.1628991538
Wed Jun 19 2024 07:40:00 GMT+0200 (Mitteleuropäische Sommerzeit),51838.132624794605
Wed Jun 19 2024 07:45:00 GMT+0200 (Mitteleuropäische Sommerzeit),52138.1335144246
Wed Jun 19 2024 07:50:00 GMT+0200 (Mitteleuropäische Sommerzeit),52438.155302162995
Wed Jun 19 2024 07:55:00 GMT+0200 (Mitteleuropäische Sommerzeit),52738.1619321292
Wed Jun 19 2024 08:00:00 GMT+0200 (Mitteleuropäische Sommerzeit),53038.1326688548
Wed Jun 19 2024 08:05:00 GMT+0200 (Mitteleuropäische Sommerzeit),53338.1298045086
Wed Jun 19 2024 08:10:00 GMT+0200 (Mitteleuropäische Sommerzeit),53638.163849418204
Wed Jun 19 2024 08:15:00 GMT+0200 (Mitteleuropäische Sommerzeit),53938.1607889374
Wed Jun 19 2024 08:20:00 GMT+0200 (Mitteleuropäische Sommerzeit),54238.1371958042
Wed Jun 19 2024 08:25:00 GMT+0200 (Mitteleuropäische Sommerzeit),54538.1422851998
Wed Jun 19 2024 08:30:00 GMT+0200 (Mitteleuropäische Sommerzeit),54838.1720165302
Wed Jun 19 2024 08:35:00 GMT+0200 (Mitteleuropäische Sommerzeit),55138.157513353
Wed Jun 19 2024 08:40:00 GMT+0200 (Mitteleuropäische Sommerzeit),55438.13748819181
Wed Jun 19 2024 08:45:00 GMT+0200 (Mitteleuropäische Sommerzeit),55738.1438555234
Wed Jun 19 2024 08:50:00 GMT+0200 (Mitteleuropäische Sommerzeit),56038.17249877819
Wed Jun 19 2024 08:55:00 GMT+0200 (Mitteleuropäische Sommerzeit),56338.1409486124
Wed Jun 19 2024 09:00:00 GMT+0200 (Mitteleuropäische Sommerzeit),56638.133435275406
Wed Jun 19 2024 09:05:00 GMT+0200 (Mitteleuropäische Sommerzeit),56938.16084982459
Wed Jun 19 2024 09:10:00 GMT+0200 (Mitteleuropäische Sommerzeit),57238.176104961
Wed Jun 19 2024 09:15:00 GMT+0200 (Mitteleuropäische Sommerzeit),57538.136977119
Wed Jun 19 2024 09:20:00 GMT+0200 (Mitteleuropäische Sommerzeit),57838.134878363795
Wed Jun 19 2024 09:25:00 GMT+0200 (Mitteleuropäische Sommerzeit),58138.169833266606
Wed Jun 19 2024 09:30:00 GMT+0200 (Mitteleuropäische Sommerzeit),58438.150993303
Wed Jun 19 2024 09:35:00 GMT+0200 (Mitteleuropäische Sommerzeit),58738.14329656099
Wed Jun 19 2024 09:40:00 GMT+0200 (Mitteleuropäische Sommerzeit),59038.153541817
Wed Jun 19 2024 09:45:00 GMT+0200 (Mitteleuropäische Sommerzeit),59338.16514351759
Wed Jun 19 2024 09:50:00 GMT+0200 (Mitteleuropäische Sommerzeit),59638.1360923304
Wed Jun 19 2024 09:55:00 GMT+0200 (Mitteleuropäische Sommerzeit),59938.1304590646
Wed Jun 19 2024 10:00:00 GMT+0200 (Mitteleuropäische Sommerzeit),60238.15045174939
Wed Jun 19 2024 10:05:00 GMT+0200 (Mitteleuropäische Sommerzeit),60538.16397684361
Wed Jun 19 2024 10:10:00 GMT+0200 (Mitteleuropäische Sommerzeit),60838.1383037956
Wed Jun 19 2024 10:15:00 GMT+0200 (Mitteleuropäische Sommerzeit),61138.1453991752
Wed Jun 19 2024 10:20:00 GMT+0200 (Mitteleuropäische Sommerzeit),61438.1762789314
Wed Jun 19 2024 10:25:00 GMT+0200 (Mitteleuropäische Sommerzeit),61738.1429182856
Wed Jun 19 2024 10:30:00 GMT+0200 (Mitteleuropäische Sommerzeit),62038.1339563112
Wed Jun 19 2024 10:35:00 GMT+0200 (Mitteleuropäische Sommerzeit),62338.16108314099
Wed Jun 19 2024 10:40:00 GMT+0200 (Mitteleuropäische Sommerzeit),62638.17023992339
Wed Jun 19 2024 10:45:00 GMT+0200 (Mitteleuropäische Sommerzeit),62938.137791535606
Wed Jun 19 2024 10:50:00 GMT+0200 (Mitteleuropäische Sommerzeit),63238.1377598458
Wed Jun 19 2024 10:55:00 GMT+0200 (Mitteleuropäische Sommerzeit),63538.17166232539
Wed Jun 19 2024 11:00:00 GMT+0200 (Mitteleuropäische Sommerzeit),63838.155330960195
Wed Jun 19 2024 11:05:00 GMT+0200 (Mitteleuropäische Sommerzeit),64138.13867071121
Wed Jun 19 2024 11:10:00 GMT+0200 (Mitteleuropäische Sommerzeit),64438.15316939921
Wed Jun 19 2024 11:15:00 GMT+0200 (Mitteleuropäische Sommerzeit),64738.168152946004
Wed Jun 19 2024 11:20:00 GMT+0200 (Mitteleuropäische Sommerzeit),65038.14024541259
Wed Jun 19 2024 11:25:00 GMT+0200 (Mitteleuropäische Sommerzeit),65338.135402521395
Wed Jun 19 2024 11:30:00 GMT+0200 (Mitteleuropäische Sommerzeit),65638.1669667436
Wed Jun 19 2024 11:35:00 GMT+0200 (Mitteleuropäische Sommerzeit),65938.162352571
Wed Jun 19 2024 11:40:00 GMT+0200 (Mitteleuropäische Sommerzeit),66238.133171533
Wed Jun 19 2024 11:45:00 GMT+0200 (Mitteleuropäische Sommerzeit),66538.14137613222
Wed Jun 19 2024 11:50:00 GMT+0200 (Mitteleuropäische Sommerzeit),66838.1696837138
Wed Jun 19 2024 11:55:00 GMT+0200 (Mitteleuropäische Sommerzeit),67138.1413803426
Wed Jun 19 2024 12:00:00 GMT+0200 (Mitteleuropäische Sommerzeit),67438.13689631199
Wed Jun 19 2024 12:05:00 GMT+0200 (Mitteleuropäische Sommerzeit),67738.158275695
Wed Jun 19 2024 12:10:00 GMT+0200 (Mitteleuropäische Sommerzeit),68038.1658512756
Wed Jun 19 2024 12:15:00 GMT+0200 (Mitteleuropäische Sommerzeit),68338.1351935248
Wed Jun 19 2024 12:20:00 GMT+0200 (Mitteleuropäische Sommerzeit),68638.1351879074
Wed Jun 19 2024 12:25:00 GMT+0200 (Mitteleuropäische Sommerzeit),68938.16367325859
Wed Jun 19 2024 12:30:00 GMT+0200 (Mitteleuropäische Sommerzeit),69238.1517463118
Wed Jun 19 2024 12:35:00 GMT+0200 (Mitteleuropäische Sommerzeit),69538.1331411396
Wed Jun 19 2024 12:40:00 GMT+0200 (Mitteleuropäische Sommerzeit),69838.14582703679
Wed Jun 19 2024 12:45:00 GMT+0200 (Mitteleuropäische Sommerzeit),70138.16626477681
Wed Jun 19 2024 12:50:00 GMT+0200 (Mitteleuropäische Sommerzeit),70438.1492144622
Wed Jun 19 2024 12:55:00 GMT+0200 (Mitteleuropäische Sommerzeit),70738.1433306748
Wed Jun 19 2024 13:00:00 GMT+0200 (Mitteleuropäische Sommerzeit),71038.1576836836
Wed Jun 19 2024 13:05:00 GMT+0200 (Mitteleuropäische Sommerzeit),71338.1606386656
Wed Jun 19 2024 13:10:00 GMT+0200 (Mitteleuropäische Sommerzeit),71638.1433730994
Wed Jun 19 2024 13:15:00 GMT+0200 (Mitteleuropäische Sommerzeit),71938.1488989184
Wed Jun 19 2024 13:20:00 GMT+0200 (Mitteleuropäische Sommerzeit),72238.16687154879
Wed Jun 19 2024 13:25:00 GMT+0200 (Mitteleuropäische Sommerzeit),72538.161210578
Wed Jun 19 2024 13:30:00 GMT+0200 (Mitteleuropäische Sommerzeit),72838.1437628798
Wed Jun 19 2024 13:35:00 GMT+0200 (Mitteleuropäische Sommerzeit),73138.14831247678
Wed Jun 19 2024 13:40:00 GMT+0200 (Mitteleuropäische Sommerzeit),73438.169739499
Wed Jun 19 2024 13:45:00 GMT+0200 (Mitteleuropäische Sommerzeit),73738.1406289174
Wed Jun 19 2024 13:50:00 GMT+0200 (Mitteleuropäische Sommerzeit),74038.135885856
Wed Jun 19 2024 13:55:00 GMT+0200 (Mitteleuropäische Sommerzeit),74338.1647034662
Wed Jun 19 2024 14:00:00 GMT+0200 (Mitteleuropäische Sommerzeit),74638.1552206564
Wed Jun 19 2024 14:05:00 GMT+0200 (Mitteleuropäische Sommerzeit),74938.13346135439
Wed Jun 19 2024 14:10:00 GMT+0200 (Mitteleuropäische Sommerzeit),75238.13610407879
Wed Jun 19 2024 14:15:00 GMT+0200 (Mitteleuropäische Sommerzeit),75538.16175707181
Wed Jun 19 2024 14:20:00 GMT+0200 (Mitteleuropäische Sommerzeit),75838.1498279856
Wed Jun 19 2024 14:25:00 GMT+0200 (Mitteleuropäische Sommerzeit),76138.13410756682
Wed Jun 19 2024 14:30:00 GMT+0200 (Mitteleuropäische Sommerzeit),76438.15388449779
Wed Jun 19 2024 14:35:00 GMT+0200 (Mitteleuropäische Sommerzeit),76738.1673002376
Wed Jun 19 2024 14:40:00 GMT+0200 (Mitteleuropäische Sommerzeit),77038.13615908481
Wed Jun 19 2024 14:45:00 GMT+0200 (Mitteleuropäische Sommerzeit),77338.1343799996
Wed Jun 19 2024 14:50:00 GMT+0200 (Mitteleuropäische Sommerzeit),77638.1638227214
Wed Jun 19 2024 14:55:00 GMT+0200 (Mitteleuropäische Sommerzeit),77938.1540044602
Wed Jun 19 2024 15:00:00 GMT+0200 (Mitteleuropäische Sommerzeit),78238.13632951379
Wed Jun 19 2024 15:05:00 GMT+0200 (Mitteleuropäische Sommerzeit),78538.139912203
Wed Jun 19 2024 15:10:00 GMT+0200 (Mitteleuropäische Sommerzeit),78838.1716409044
Wed Jun 19 2024 15:15:00 GMT+0200 (Mitteleuropäische Sommerzeit),79138.14898801199
Wed Jun 19 2024 15:20:00 GMT+0200 (Mitteleuropäische Sommerzeit),79438.13856500559
Wed Jun 19 2024 15:25:00 GMT+0200 (Mitteleuropäische Sommerzeit),79738.1469624226
Wed Jun 19 2024 15:30:00 GMT+0200 (Mitteleuropäische Sommerzeit),80038.1763094706
Wed Jun 19 2024 15:35:00 GMT+0200 (Mitteleuropäische Sommerzeit),80338.1341029266
Wed Jun 19 2024 15:40:00 GMT+0200 (Mitteleuropäische Sommerzeit),80638.133759241
Wed Jun 19 2024 15:45:00 GMT+0200 (Mitteleuropäische Sommerzeit),80938.1559645264
Wed Jun 19 2024 15:50:00 GMT+0200 (Mitteleuropäische Sommerzeit),81238.16047869538
Wed Jun 19 2024 15:55:00 GMT+0200 (Mitteleuropäische Sommerzeit),81538.13329283199
Wed Jun 19 2024 16:00:00 GMT+0200 (Mitteleuropäische Sommerzeit),81838.1371353158
Wed Jun 19 2024 16:05:00 GMT+0200 (Mitteleuropäische Sommerzeit),82138.1740456792
Wed Jun 19 2024 16:10:00 GMT+0200 (Mitteleuropäische Sommerzeit),82438.15299764561
Wed Jun 19 2024 16:15:00 GMT+0200 (Mitteleuropäische Sommerzeit),82738.1362740526
Wed Jun 19 2024 16:20:00 GMT+0200 (Mitteleuropäische Sommerzeit),83038.14662534001
Wed Jun 19 2024 16:25:00 GMT+0200 (Mitteleuropäische Sommerzeit),83338.16780997781
Wed Jun 19 2024 16:30:00 GMT+0200 (Mitteleuropäische Sommerzeit),83638.1343205322
Wed Jun 19 2024 16:35:00 GMT+0200 (Mitteleuropäische Sommerzeit),83938.137972898
Wed Jun 19 2024 16:40:00 GMT+0200 (Mitteleuropäische Sommerzeit),84238.14913597601
Wed Jun 19 2024 16:45:00 GMT+0200 (Mitteleuropäische Sommerzeit),84538.1586364832
Wed Jun 19 2024 16:50:00 GMT+0200 (Mitteleuropäische Sommerzeit),84838.143665314
Wed Jun 19 2024 16:55:00 GMT+0200 (Mitteleuropäische Sommerzeit),85138.1361488534
Wed Jun 19 2024 17:00:00 GMT+0200 (Mitteleuropäische Sommerzeit),85438.1647944498
Wed Jun 19 2024 17:05:00 GMT+0200 (Mitteleuropäische Sommerzeit),85738.1501114314
Wed Jun 19 2024 17:10:00 GMT+0200 (Mitteleuropäische Sommerzeit),86038.13643829602
Wed Jun 19 2024 17:15:00 GMT+0200 (Mitteleuropäische Sommerzeit),86338.1488328812
Wed Jun 19 2024 17:20:00 GMT+0200 (Mitteleuropäische Sommerzeit),86638.1653056278
Wed Jun 19 2024 17:25:00 GMT+0200 (Mitteleuropäische Sommerzeit),86938.1391899458
Wed Jun 19 2024 17:30:00 GMT+0200 (Mitteleuropäische Sommerzeit),87238.14429968639
Wed Jun 19 2024 17:35:00 GMT+0200 (Mitteleuropäische Sommerzeit),87538.15291500119
Wed Jun 19 2024 17:40:00 GMT+0200 (Mitteleuropäische Sommerzeit),87838.15693515581
Wed Jun 19 2024 17:45:00 GMT+0200 (Mitteleuropäische Sommerzeit),88138.13359412679
Wed Jun 19 2024 17:50:00 GMT+0200 (Mitteleuropäische Sommerzeit),88438.14284138058
Wed Jun 19 2024 17:55:00 GMT+0200 (Mitteleuropäische Sommerzeit),88738.1689008968
Wed Jun 19 2024 18:00:00 GMT+0200 (Mitteleuropäische Sommerzeit),89038.146848235
Wed Jun 19 2024 18:05:00 GMT+0200 (Mitteleuropäische Sommerzeit),89338.1345136622
Wed Jun 19 2024 18:10:00 GMT+0200 (Mitteleuropäische Sommerzeit),89638.1518706118
Wed Jun 19 2024 18:15:00 GMT+0200 (Mitteleuropäische Sommerzeit),89938.16928173599
Wed Jun 19 2024 18:20:00 GMT+0200 (Mitteleuropäische Sommerzeit),90238.14046635618
Wed Jun 19 2024 18:25:00 GMT+0200 (Mitteleuropäische Sommerzeit),90538.1370002824
Wed Jun 19 2024 18:30:00 GMT+0200 (Mitteleuropäische Sommerzeit),90838.1711995432
Wed Jun 19 2024 18:35:00 GMT+0200 (Mitteleuropäische Sommerzeit),91138.1557158042
Wed Jun 19 2024 18:40:00 GMT+0200 (Mitteleuropäische Sommerzeit),91438.139074003
Wed Jun 19 2024 18:45:00 GMT+0200 (Mitteleuropäische Sommerzeit),91738.1460096972
Wed Jun 19 2024 18:50:00 GMT+0200 (Mitteleuropäische Sommerzeit),92038.17413565979
Wed Jun 19 2024 18:55:00 GMT+0200 (Mitteleuropäische Sommerzeit),92338.1433642544
Wed Jun 19 2024 19:00:00 GMT+0200 (Mitteleuropäische Sommerzeit),92638.13639168281
Wed Jun 19 2024 19:05:00 GMT+0200 (Mitteleuropäische Sommerzeit),92938.15416028819
Wed Jun 19 2024 19:10:00 GMT+0200 (Mitteleuropäische Sommerzeit),93238.1600514072
Wed Jun 19 2024 19:15:00 GMT+0200 (Mitteleuropäische Sommerzeit),93538.14273486301
Wed Jun 19 2024 19:20:00 GMT+0200 (Mitteleuropäische Sommerzeit),93838.1413098936
Wed Jun 19 2024 19:25:00 GMT+0200 (Mitteleuropäische Sommerzeit),94138.1616422
Wed Jun 19 2024 19:30:00 GMT+0200 (Mitteleuropäische Sommerzeit),94438.1554533994