TimeSeries ID,node/network/received_bytes_count.k8s_node.ALIGN_RATE.REDUCE_SUM.metric.type="kubernetes.io/node/network/received_bytes_count" resource.type="k8s_node" resource.label."node_name"="gk3-online-boutique-pool-2-f651cbdc-dq97".60s.project_id:cnae-422614
project_id,cnae-422614
Tue Jun 18 2024 19:25:00 GMT+0200 (Mitteleuropäische Sommerzeit),30589.89763748646
Tue Jun 18 2024 19:30:00 GMT+0200 (Mitteleuropäische Sommerzeit),32182.90503743808
Tue Jun 18 2024 19:35:00 GMT+0200 (Mitteleuropäische Sommerzeit),32752.09899330934
Tue Jun 18 2024 19:40:00 GMT+0200 (Mitteleuropäische Sommerzeit),66623.09775944552
Tue Jun 18 2024 19:45:00 GMT+0200 (Mitteleuropäische Sommerzeit),66699.30022308032
Tue Jun 18 2024 19:50:00 GMT+0200 (Mitteleuropäische Sommerzeit),66014.1674017191
Tue Jun 18 2024 19:55:00 GMT+0200 (Mitteleuropäische Sommerzeit),64187.581761113805
Tue Jun 18 2024 20:00:00 GMT+0200 (Mitteleuropäische Sommerzeit),31793.43092005094
Tue Jun 18 2024 20:05:00 GMT+0200 (Mitteleuropäische Sommerzeit),31860.206987876893
Tue Jun 18 2024 20:10:00 GMT+0200 (Mitteleuropäische Sommerzeit),31543.8020562315
Tue Jun 18 2024 20:15:00 GMT+0200 (Mitteleuropäische Sommerzeit),32468.978837227824
Tue Jun 18 2024 20:20:00 GMT+0200 (Mitteleuropäische Sommerzeit),31338.885250290237
Tue Jun 18 2024 20:25:00 GMT+0200 (Mitteleuropäische Sommerzeit),33312.37446998914
Tue Jun 18 2024 20:30:00 GMT+0200 (Mitteleuropäische Sommerzeit),33144.5230031395
Tue Jun 18 2024 20:35:00 GMT+0200 (Mitteleuropäische Sommerzeit),32577.171637476287
Tue Jun 18 2024 20:40:00 GMT+0200 (Mitteleuropäische Sommerzeit),32148.939346605937
Tue Jun 18 2024 20:45:00 GMT+0200 (Mitteleuropäische Sommerzeit),33488.796258753144
Tue Jun 18 2024 20:50:00 GMT+0200 (Mitteleuropäische Sommerzeit),32833.81703018506
Tue Jun 18 2024 20:55:00 GMT+0200 (Mitteleuropäische Sommerzeit),32138.525455657644
Tue Jun 18 2024 21:00:00 GMT+0200 (Mitteleuropäische Sommerzeit),32961.42544916471
Tue Jun 18 2024 21:05:00 GMT+0200 (Mitteleuropäische Sommerzeit),32867.775132071176
Tue Jun 18 2024 21:10:00 GMT+0200 (Mitteleuropäische Sommerzeit),32972.96849871318
Tue Jun 18 2024 21:15:00 GMT+0200 (Mitteleuropäische Sommerzeit),31907.3373364989
Tue Jun 18 2024 21:20:00 GMT+0200 (Mitteleuropäische Sommerzeit),44696.75069584529
Tue Jun 18 2024 21:25:00 GMT+0200 (Mitteleuropäische Sommerzeit),44260.29888770581
Tue Jun 18 2024 21:30:00 GMT+0200 (Mitteleuropäische Sommerzeit),45169.996216696105
Tue Jun 18 2024 21:35:00 GMT+0200 (Mitteleuropäische Sommerzeit),43893.38672264735
Tue Jun 18 2024 21:40:00 GMT+0200 (Mitteleuropäische Sommerzeit),96647.49981745085
Tue Jun 18 2024 21:45:00 GMT+0200 (Mitteleuropäische Sommerzeit),35460.08613088449
Tue Jun 18 2024 21:50:00 GMT+0200 (Mitteleuropäische Sommerzeit),31956.622112027806
Tue Jun 18 2024 21:55:00 GMT+0200 (Mitteleuropäische Sommerzeit),32217.576569690707
Tue Jun 18 2024 22:00:00 GMT+0200 (Mitteleuropäische Sommerzeit),31564.779670578642
Tue Jun 18 2024 22:05:00 GMT+0200 (Mitteleuropäische Sommerzeit),32419.66171646754
Tue Jun 18 2024 22:10:00 GMT+0200 (Mitteleuropäische Sommerzeit),30800.952776931128
Tue Jun 18 2024 22:15:00 GMT+0200 (Mitteleuropäische Sommerzeit),34190.69435087999
Tue Jun 18 2024 22:20:00 GMT+0200 (Mitteleuropäische Sommerzeit),33692.94392438094
Tue Jun 18 2024 22:25:00 GMT+0200 (Mitteleuropäische Sommerzeit),34490.13217949867
Tue Jun 18 2024 22:30:00 GMT+0200 (Mitteleuropäische Sommerzeit),33486.96001226107
Tue Jun 18 2024 22:35:00 GMT+0200 (Mitteleuropäische Sommerzeit),129351.97938477198
Tue Jun 18 2024 22:40:00 GMT+0200 (Mitteleuropäische Sommerzeit),313748.17749608675
Tue Jun 18 2024 22:45:00 GMT+0200 (Mitteleuropäische Sommerzeit),85769.42795029005
Tue Jun 18 2024 22:50:00 GMT+0200 (Mitteleuropäische Sommerzeit),36938.56770234108
Tue Jun 18 2024 22:55:00 GMT+0200 (Mitteleuropäische Sommerzeit),51487.28000868321
Tue Jun 18 2024 23:00:00 GMT+0200 (Mitteleuropäische Sommerzeit),50515.59357780616
Tue Jun 18 2024 23:05:00 GMT+0200 (Mitteleuropäische Sommerzeit),52909.25688823859
Tue Jun 18 2024 23:10:00 GMT+0200 (Mitteleuropäische Sommerzeit),53119.86621481578
Tue Jun 18 2024 23:15:00 GMT+0200 (Mitteleuropäische Sommerzeit),52524.96828093529
Tue Jun 18 2024 23:20:00 GMT+0200 (Mitteleuropäische Sommerzeit),49323.26657351494
Tue Jun 18 2024 23:25:00 GMT+0200 (Mitteleuropäische Sommerzeit),52406.512118441264
Tue Jun 18 2024 23:30:00 GMT+0200 (Mitteleuropäische Sommerzeit),51637.567413736986
Tue Jun 18 2024 23:35:00 GMT+0200 (Mitteleuropäische Sommerzeit),49243.939030882524
Tue Jun 18 2024 23:40:00 GMT+0200 (Mitteleuropäische Sommerzeit),52203.856278346386
Tue Jun 18 2024 23:45:00 GMT+0200 (Mitteleuropäische Sommerzeit),53065.99906060855
Tue Jun 18 2024 23:50:00 GMT+0200 (Mitteleuropäische Sommerzeit),49554.58837422053
Tue Jun 18 2024 23:55:00 GMT+0200 (Mitteleuropäische Sommerzeit),33520.31946995418
Wed Jun 19 2024 00:00:00 GMT+0200 (Mitteleuropäische Sommerzeit),33396.55216356913
Wed Jun 19 2024 00:05:00 GMT+0200 (Mitteleuropäische Sommerzeit),51082.194873981476
Wed Jun 19 2024 00:10:00 GMT+0200 (Mitteleuropäische Sommerzeit),52204.980900103255
Wed Jun 19 2024 00:15:00 GMT+0200 (Mitteleuropäische Sommerzeit),50725.38735578537
Wed Jun 19 2024 00:20:00 GMT+0200 (Mitteleuropäische Sommerzeit),52441.381746219005
Wed Jun 19 2024 00:25:00 GMT+0200 (Mitteleuropäische Sommerzeit),52531.28288177172
Wed Jun 19 2024 00:30:00 GMT+0200 (Mitteleuropäische Sommerzeit),51374.5764628315
Wed Jun 19 2024 00:35:00 GMT+0200 (Mitteleuropäische Sommerzeit),53267.51640630722
Wed Jun 19 2024 00:40:00 GMT+0200 (Mitteleuropäische Sommerzeit),52628.76014549573
Wed Jun 19 2024 00:45:00 GMT+0200 (Mitteleuropäische Sommerzeit),52307.93961882909
Wed Jun 19 2024 00:50:00 GMT+0200 (Mitteleuropäische Sommerzeit),50017.58839455605
Wed Jun 19 2024 00:55:00 GMT+0200 (Mitteleuropäische Sommerzeit),54069.05816306432
Wed Jun 19 2024 01:00:00 GMT+0200 (Mitteleuropäische Sommerzeit),51770.88090081215
Wed Jun 19 2024 01:05:00 GMT+0200 (Mitteleuropäische Sommerzeit),33596.563567059835
Wed Jun 19 2024 01:10:00 GMT+0200 (Mitteleuropäische Sommerzeit),31438.04789882342
Wed Jun 19 2024 01:15:00 GMT+0200 (Mitteleuropäische Sommerzeit),32925.62886273702
Wed Jun 19 2024 01:20:00 GMT+0200 (Mitteleuropäische Sommerzeit),31805.831115897498
Wed Jun 19 2024 01:25:00 GMT+0200 (Mitteleuropäische Sommerzeit),30925.169173329672
Wed Jun 19 2024 01:30:00 GMT+0200 (Mitteleuropäische Sommerzeit),31221.096525742214
Wed Jun 19 2024 01:35:00 GMT+0200 (Mitteleuropäische Sommerzeit),31796.456547349295
Wed Jun 19 2024 01:40:00 GMT+0200 (Mitteleuropäische Sommerzeit),31324.079311364494
Wed Jun 19 2024 01:45:00 GMT+0200 (Mitteleuropäische Sommerzeit),30929.397782742184
Wed Jun 19 2024 01:50:00 GMT+0200 (Mitteleuropäische Sommerzeit),32020.904203538896
Wed Jun 19 2024 01:55:00 GMT+0200 (Mitteleuropäische Sommerzeit),32786.44822345734
Wed Jun 19 2024 02:00:00 GMT+0200 (Mitteleuropäische Sommerzeit),31351.945040731433
Wed Jun 19 2024 02:05:00 GMT+0200 (Mitteleuropäische Sommerzeit),53086.02560109775
Wed Jun 19 2024 02:10:00 GMT+0200 (Mitteleuropäische Sommerzeit),56815.11605074247
Wed Jun 19 2024 02:15:00 GMT+0200 (Mitteleuropäische Sommerzeit),58488.64988583883
Wed Jun 19 2024 02:20:00 GMT+0200 (Mitteleuropäische Sommerzeit),55293.90471494675
Wed Jun 19 2024 02:25:00 GMT+0200 (Mitteleuropäische Sommerzeit),56888.903505754475
Wed Jun 19 2024 02:30:00 GMT+0200 (Mitteleuropäische Sommerzeit),57771.48808415095
Wed Jun 19 2024 02:35:00 GMT+0200 (Mitteleuropäische Sommerzeit),58592.218993530274
Wed Jun 19 2024 02:40:00 GMT+0200 (Mitteleuropäische Sommerzeit),56206.41416536331
Wed Jun 19 2024 02:45:00 GMT+0200 (Mitteleuropäische Sommerzeit),57181.53884367625
Wed Jun 19 2024 02:50:00 GMT+0200 (Mitteleuropäische Sommerzeit),57375.171722698215
Wed Jun 19 2024 02:55:00 GMT+0200 (Mitteleuropäische Sommerzeit),55996.561459042234
Wed Jun 19 2024 03:00:00 GMT+0200 (Mitteleuropäische Sommerzeit),53860.97799574852
Wed Jun 19 2024 03:05:00 GMT+0200 (Mitteleuropäische Sommerzeit),34004.52510656357
Wed Jun 19 2024 03:10:00 GMT+0200 (Mitteleuropäische Sommerzeit),31668.48260214488
Wed Jun 19 2024 03:15:00 GMT+0200 (Mitteleuropäische Sommerzeit),31986.973523893357
Wed Jun 19 2024 03:20:00 GMT+0200 (Mitteleuropäische Sommerzeit),31474.80340935707
Wed Jun 19 2024 03:25:00 GMT+0200 (Mitteleuropäische Sommerzeit),31914.142913255695
Wed Jun 19 2024 03:30:00 GMT+0200 (Mitteleuropäische Sommerzeit),32661.16839745204
Wed Jun 19 2024 03:35:00 GMT+0200 (Mitteleuropäische Sommerzeit),30110.279389654796
Wed Jun 19 2024 03:40:00 GMT+0200 (Mitteleuropäische Sommerzeit),32237.43637330373
Wed Jun 19 2024 03:45:00 GMT+0200 (Mitteleuropäische Sommerzeit),32487.017352205916
Wed Jun 19 2024 03:50:00 GMT+0200 (Mitteleuropäische Sommerzeit),32335.3320115757
Wed Jun 19 2024 03:55:00 GMT+0200 (Mitteleuropäische Sommerzeit),31246.780987720493
Wed Jun 19 2024 04:00:00 GMT+0200 (Mitteleuropäische Sommerzeit),31849.267748282753
Wed Jun 19 2024 04:05:00 GMT+0200 (Mitteleuropäische Sommerzeit),41561.95489240011
Wed Jun 19 2024 04:10:00 GMT+0200 (Mitteleuropäische Sommerzeit),43999.54317817053
Wed Jun 19 2024 04:15:00 GMT+0200 (Mitteleuropäische Sommerzeit),40591.74249929746
Wed Jun 19 2024 04:20:00 GMT+0200 (Mitteleuropäische Sommerzeit),42491.15331838926
Wed Jun 19 2024 04:25:00 GMT+0200 (Mitteleuropäische Sommerzeit),42640.3925555865
Wed Jun 19 2024 04:30:00 GMT+0200 (Mitteleuropäische Sommerzeit),40788.05599323273
Wed Jun 19 2024 04:35:00 GMT+0200 (Mitteleuropäische Sommerzeit),41764.444442904794
Wed Jun 19 2024 04:40:00 GMT+0200 (Mitteleuropäische Sommerzeit),43781.43508658092
Wed Jun 19 2024 04:45:00 GMT+0200 (Mitteleuropäische Sommerzeit),43433.27805385272
Wed Jun 19 2024 04:50:00 GMT+0200 (Mitteleuropäische Sommerzeit),43413.721401503884
Wed Jun 19 2024 04:55:00 GMT+0200 (Mitteleuropäische Sommerzeit),43025.4325863425
Wed Jun 19 2024 05:00:00 GMT+0200 (Mitteleuropäische Sommerzeit),42972.70956735929
Wed Jun 19 2024 05:05:00 GMT+0200 (Mitteleuropäische Sommerzeit),32316.42553226153
Wed Jun 19 2024 05:10:00 GMT+0200 (Mitteleuropäische Sommerzeit),30651.669779961907
Wed Jun 19 2024 05:15:00 GMT+0200 (Mitteleuropäische Sommerzeit),32354.31123232842
Wed Jun 19 2024 05:20:00 GMT+0200 (Mitteleuropäische Sommerzeit),32713.15096321424
Wed Jun 19 2024 05:25:00 GMT+0200 (Mitteleuropäische Sommerzeit),32853.198511114126
Wed Jun 19 2024 05:30:00 GMT+0200 (Mitteleuropäische Sommerzeit),31064.73172892253
Wed Jun 19 2024 05:35:00 GMT+0200 (Mitteleuropäische Sommerzeit),32197.996417805356
Wed Jun 19 2024 05:40:00 GMT+0200 (Mitteleuropäische Sommerzeit),32120.76318108877
Wed Jun 19 2024 05:45:00 GMT+0200 (Mitteleuropäische Sommerzeit),31529.178215999604
Wed Jun 19 2024 05:50:00 GMT+0200 (Mitteleuropäische Sommerzeit),32183.57023657163
Wed Jun 19 2024 05:55:00 GMT+0200 (Mitteleuropäische Sommerzeit),32034.530088307063
Wed Jun 19 2024 06:00:00 GMT+0200 (Mitteleuropäische Sommerzeit),33039.25503978412
Wed Jun 19 2024 06:05:00 GMT+0200 (Mitteleuropäische Sommerzeit),42856.26468209903
Wed Jun 19 2024 06:10:00 GMT+0200 (Mitteleuropäische Sommerzeit),46854.82002358437
Wed Jun 19 2024 06:15:00 GMT+0200 (Mitteleuropäische Sommerzeit),46342.38368863742
Wed Jun 19 2024 06:20:00 GMT+0200 (Mitteleuropäische Sommerzeit),48528.287744092944
Wed Jun 19 2024 06:25:00 GMT+0200 (Mitteleuropäische Sommerzeit),47022.55660789172
Wed Jun 19 2024 06:30:00 GMT+0200 (Mitteleuropäische Sommerzeit),48541.71330893835
Wed Jun 19 2024 06:35:00 GMT+0200 (Mitteleuropäische Sommerzeit),47976.24885096232
Wed Jun 19 2024 06:40:00 GMT+0200 (Mitteleuropäische Sommerzeit),48559.67610903105
Wed Jun 19 2024 06:45:00 GMT+0200 (Mitteleuropäische Sommerzeit),46321.686523526514
Wed Jun 19 2024 06:50:00 GMT+0200 (Mitteleuropäische Sommerzeit),48336.20055727323
Wed Jun 19 2024 06:55:00 GMT+0200 (Mitteleuropäische Sommerzeit),47872.68611923854
Wed Jun 19 2024 07:00:00 GMT+0200 (Mitteleuropäische Sommerzeit),47020.401199423475
Wed Jun 19 2024 07:05:00 GMT+0200 (Mitteleuropäische Sommerzeit),33748.25568339348
Wed Jun 19 2024 07:10:00 GMT+0200 (Mitteleuropäische Sommerzeit),33704.312376457856
Wed Jun 19 2024 07:15:00 GMT+0200 (Mitteleuropäische Sommerzeit),34030.69165104866
Wed Jun 19 2024 07:20:00 GMT+0200 (Mitteleuropäische Sommerzeit),34107.54910992305
Wed Jun 19 2024 07:25:00 GMT+0200 (Mitteleuropäische Sommerzeit),34492.98676967303
Wed Jun 19 2024 07:30:00 GMT+0200 (Mitteleuropäische Sommerzeit),34392.01555109024
Wed Jun 19 2024 07:35:00 GMT+0200 (Mitteleuropäische Sommerzeit),35105.734562536876
Wed Jun 19 2024 07:40:00 GMT+0200 (Mitteleuropäische Sommerzeit),32234.92929984093
Wed Jun 19 2024 07:45:00 GMT+0200 (Mitteleuropäische Sommerzeit),35336.86158569336
Wed Jun 19 2024 07:50:00 GMT+0200 (Mitteleuropäische Sommerzeit),35286.68903398832
Wed Jun 19 2024 07:55:00 GMT+0200 (Mitteleuropäische Sommerzeit),34712.900757916774
Wed Jun 19 2024 08:00:00 GMT+0200 (Mitteleuropäische Sommerzeit),34405.883871596656
Wed Jun 19 2024 08:05:00 GMT+0200 (Mitteleuropäische Sommerzeit),52482.24579437574
Wed Jun 19 2024 08:10:00 GMT+0200 (Mitteleuropäische Sommerzeit),54352.25531769117
Wed Jun 19 2024 08:15:00 GMT+0200 (Mitteleuropäische Sommerzeit),54648.64821913402
Wed Jun 19 2024 08:20:00 GMT+0200 (Mitteleuropäische Sommerzeit),52537.233390792215
Wed Jun 19 2024 08:25:00 GMT+0200 (Mitteleuropäische Sommerzeit),55420.772397759756
Wed Jun 19 2024 08:30:00 GMT+0200 (Mitteleuropäische Sommerzeit),54550.36219876607
Wed Jun 19 2024 08:35:00 GMT+0200 (Mitteleuropäische Sommerzeit),54064.21245424271
Wed Jun 19 2024 08:40:00 GMT+0200 (Mitteleuropäische Sommerzeit),53894.41808669409
Wed Jun 19 2024 08:45:00 GMT+0200 (Mitteleuropäische Sommerzeit),55212.220592934296
Wed Jun 19 2024 08:50:00 GMT+0200 (Mitteleuropäische Sommerzeit),54145.24772242864
Wed Jun 19 2024 08:55:00 GMT+0200 (Mitteleuropäische Sommerzeit),52545.660445454916
Wed Jun 19 2024 09:00:00 GMT+0200 (Mitteleuropäische Sommerzeit),54127.072442105615
Wed Jun 19 2024 09:05:00 GMT+0200 (Mitteleuropäische Sommerzeit),35988.03036487262
Wed Jun 19 2024 09:10:00 GMT+0200 (Mitteleuropäische Sommerzeit),34645.17555953662
Wed Jun 19 2024 09:15:00 GMT+0200 (Mitteleuropäische Sommerzeit),188036.92784204803
Wed Jun 19 2024 09:20:00 GMT+0200 (Mitteleuropäische Sommerzeit),260638.3553057925
Wed Jun 19 2024 09:25:00 GMT+0200 (Mitteleuropäische Sommerzeit),283548.7965816148
Wed Jun 19 2024 09:30:00 GMT+0200 (Mitteleuropäische Sommerzeit),105319.8195876058
Wed Jun 19 2024 09:35:00 GMT+0200 (Mitteleuropäische Sommerzeit),179618.74179842632
Wed Jun 19 2024 09:40:00 GMT+0200 (Mitteleuropäische Sommerzeit),80689.90817489625
Wed Jun 19 2024 09:45:00 GMT+0200 (Mitteleuropäische Sommerzeit),158713.23883950236
Wed Jun 19 2024 09:50:00 GMT+0200 (Mitteleuropäische Sommerzeit),74994.80236558914
Wed Jun 19 2024 09:55:00 GMT+0200 (Mitteleuropäische Sommerzeit),186818.13379422188
Wed Jun 19 2024 10:00:00 GMT+0200 (Mitteleuropäische Sommerzeit),76924.25090481123
Wed Jun 19 2024 10:05:00 GMT+0200 (Mitteleuropäische Sommerzeit),97414.82996297519
Wed Jun 19 2024 10:10:00 GMT+0200 (Mitteleuropäische Sommerzeit),26334.017133146925
Wed Jun 19 2024 10:15:00 GMT+0200 (Mitteleuropäische Sommerzeit),33918.42107798577
Wed Jun 19 2024 10:20:00 GMT+0200 (Mitteleuropäische Sommerzeit),33755.614490861895
Wed Jun 19 2024 10:25:00 GMT+0200 (Mitteleuropäische Sommerzeit),32678.86939772924
Wed Jun 19 2024 10:30:00 GMT+0200 (Mitteleuropäische Sommerzeit),34675.71091905276
Wed Jun 19 2024 10:35:00 GMT+0200 (Mitteleuropäische Sommerzeit),34381.65024453164
Wed Jun 19 2024 10:40:00 GMT+0200 (Mitteleuropäische Sommerzeit),34416.69169887543
Wed Jun 19 2024 10:45:00 GMT+0200 (Mitteleuropäische Sommerzeit),32240.07032538732
Wed Jun 19 2024 10:50:00 GMT+0200 (Mitteleuropäische Sommerzeit),34221.21627100945
Wed Jun 19 2024 10:55:00 GMT+0200 (Mitteleuropäische Sommerzeit),34694.94580146154
Wed Jun 19 2024 11:00:00 GMT+0200 (Mitteleuropäische Sommerzeit),233903.19958384515
Wed Jun 19 2024 11:05:00 GMT+0200 (Mitteleuropäische Sommerzeit),249000.71431340536
Wed Jun 19 2024 11:10:00 GMT+0200 (Mitteleuropäische Sommerzeit),208766.90952928862
Wed Jun 19 2024 11:15:00 GMT+0200 (Mitteleuropäische Sommerzeit),34427.02743801435
Wed Jun 19 2024 11:20:00 GMT+0200 (Mitteleuropäische Sommerzeit),118131.52429984411
Wed Jun 19 2024 11:25:00 GMT+0200 (Mitteleuropäische Sommerzeit),222096.82890257836
Wed Jun 19 2024 11:30:00 GMT+0200 (Mitteleuropäische Sommerzeit),179652.91965856554
Wed Jun 19 2024 11:35:00 GMT+0200 (Mitteleuropäische Sommerzeit),154798.63254246078
Wed Jun 19 2024 11:40:00 GMT+0200 (Mitteleuropäische Sommerzeit),34665.32801081976
Wed Jun 19 2024 11:45:00 GMT+0200 (Mitteleuropäische Sommerzeit),34296.58283951759
Wed Jun 19 2024 11:50:00 GMT+0200 (Mitteleuropäische Sommerzeit),33419.199926093424
Wed Jun 19 2024 11:55:00 GMT+0200 (Mitteleuropäische Sommerzeit),32952.48780216217
Wed Jun 19 2024 12:00:00 GMT+0200 (Mitteleuropäische Sommerzeit),33691.06748378436
Wed Jun 19 2024 12:05:00 GMT+0200 (Mitteleuropäische Sommerzeit),34158.797340825404
Wed Jun 19 2024 12:10:00 GMT+0200 (Mitteleuropäische Sommerzeit),33445.747650121055
Wed Jun 19 2024 12:15:00 GMT+0200 (Mitteleuropäische Sommerzeit),32495.6178908062
Wed Jun 19 2024 12:20:00 GMT+0200 (Mitteleuropäische Sommerzeit),34443.54005790393
Wed Jun 19 2024 12:25:00 GMT+0200 (Mitteleuropäische Sommerzeit),34174.761328261695
Wed Jun 19 2024 12:30:00 GMT+0200 (Mitteleuropäische Sommerzeit),34141.618703365326
Wed Jun 19 2024 12:35:00 GMT+0200 (Mitteleuropäische Sommerzeit),33404.387450126014
Wed Jun 19 2024 12:40:00 GMT+0200 (Mitteleuropäische Sommerzeit),34796.702874368035
Wed Jun 19 2024 12:45:00 GMT+0200 (Mitteleuropäische Sommerzeit),33932.51266171456
Wed Jun 19 2024 12:50:00 GMT+0200 (Mitteleuropäische Sommerzeit),34527.85728847186
Wed Jun 19 2024 12:55:00 GMT+0200 (Mitteleuropäische Sommerzeit),33763.02677377701
Wed Jun 19 2024 13:00:00 GMT+0200 (Mitteleuropäische Sommerzeit),34222.1306040446
Wed Jun 19 2024 13:05:00 GMT+0200 (Mitteleuropäische Sommerzeit),34058.80613738696
Wed Jun 19 2024 13:10:00 GMT+0200 (Mitteleuropäische Sommerzeit),35047.94418604851
Wed Jun 19 2024 13:15:00 GMT+0200 (Mitteleuropäische Sommerzeit),33323.75095077197
Wed Jun 19 2024 13:20:00 GMT+0200 (Mitteleuropäische Sommerzeit),34530.68562078476
Wed Jun 19 2024 13:25:00 GMT+0200 (Mitteleuropäische Sommerzeit),34601.290860001245
Wed Jun 19 2024 13:30:00 GMT+0200 (Mitteleuropäische Sommerzeit),35662.34246400197
Wed Jun 19 2024 13:35:00 GMT+0200 (Mitteleuropäische Sommerzeit),32898.239687312445
Wed Jun 19 2024 13:40:00 GMT+0200 (Mitteleuropäische Sommerzeit),34229.93910294215
Wed Jun 19 2024 13:45:00 GMT+0200 (Mitteleuropäische Sommerzeit),33864.30966598829
Wed Jun 19 2024 13:50:00 GMT+0200 (Mitteleuropäische Sommerzeit),34812.107696084975
Wed Jun 19 2024 13:55:00 GMT+0200 (Mitteleuropäische Sommerzeit),31992.362131910326
Wed Jun 19 2024 14:00:00 GMT+0200 (Mitteleuropäische Sommerzeit),33049.65403116862
Wed Jun 19 2024 14:05:00 GMT+0200 (Mitteleuropäische Sommerzeit),33659.21723526001
Wed Jun 19 2024 14:10:00 GMT+0200 (Mitteleuropäische Sommerzeit),33239.09793348631
Wed Jun 19 2024 14:15:00 GMT+0200 (Mitteleuropäische Sommerzeit),34031.029898815155
Wed Jun 19 2024 14:20:00 GMT+0200 (Mitteleuropäische Sommerzeit),34808.89026047707
Wed Jun 19 2024 14:25:00 GMT+0200 (Mitteleuropäische Sommerzeit),34628.548301916126
Wed Jun 19 2024 14:30:00 GMT+0200 (Mitteleuropäische Sommerzeit),33572.10030409813
Wed Jun 19 2024 14:35:00 GMT+0200 (Mitteleuropäische Sommerzeit),33903.84185388883
Wed Jun 19 2024 14:40:00 GMT+0200 (Mitteleuropäische Sommerzeit),32556.25119404475
Wed Jun 19 2024 14:45:00 GMT+0200 (Mitteleuropäische Sommerzeit),32544.921787856423
Wed Jun 19 2024 14:50:00 GMT+0200 (Mitteleuropäische Sommerzeit),31379.602528629304
Wed Jun 19 2024 14:55:00 GMT+0200 (Mitteleuropäische Sommerzeit),32426.018231989543
Wed Jun 19 2024 15:00:00 GMT+0200 (Mitteleuropäische Sommerzeit),32087.98072811127
Wed Jun 19 2024 15:05:00 GMT+0200 (Mitteleuropäische Sommerzeit),32849.87025251389
Wed Jun 19 2024 15:10:00 GMT+0200 (Mitteleuropäische Sommerzeit),31380.80380944252
Wed Jun 19 2024 15:15:00 GMT+0200 (Mitteleuropäische Sommerzeit),33095.24727970124
Wed Jun 19 2024 15:20:00 GMT+0200 (Mitteleuropäische Sommerzeit),32807.93871795019
Wed Jun 19 2024 15:25:00 GMT+0200 (Mitteleuropäische Sommerzeit),32317.135411408744
Wed Jun 19 2024 15:30:00 GMT+0200 (Mitteleuropäische Sommerzeit),31493.268262850444
Wed Jun 19 2024 15:35:00 GMT+0200 (Mitteleuropäische Sommerzeit),32532.35495734215
Wed Jun 19 2024 15:40:00 GMT+0200 (Mitteleuropäische Sommerzeit),33231.579950466155
Wed Jun 19 2024 15:45:00 GMT+0200 (Mitteleuropäische Sommerzeit),32630.82353246689
Wed Jun 19 2024 15:50:00 GMT+0200 (Mitteleuropäische Sommerzeit),32436.355423177087
Wed Jun 19 2024 15:55:00 GMT+0200 (Mitteleuropäische Sommerzeit),32590.366684684755
Wed Jun 19 2024 16:00:00 GMT+0200 (Mitteleuropäische Sommerzeit),31592.103923873903
Wed Jun 19 2024 16:05:00 GMT+0200 (Mitteleuropäische Sommerzeit),31822.7824857076
Wed Jun 19 2024 16:10:00 GMT+0200 (Mitteleuropäische Sommerzeit),32145.7513716507
Wed Jun 19 2024 16:15:00 GMT+0200 (Mitteleuropäische Sommerzeit),31785.077877906166
Wed Jun 19 2024 16:20:00 GMT+0200 (Mitteleuropäische Sommerzeit),31958.28662985802
Wed Jun 19 2024 16:25:00 GMT+0200 (Mitteleuropäische Sommerzeit),31561.615930188498
Wed Jun 19 2024 16:30:00 GMT+0200 (Mitteleuropäische Sommerzeit),33259.7479672877
Wed Jun 19 2024 16:35:00 GMT+0200 (Mitteleuropäische Sommerzeit),34196.40806282362
Wed Jun 19 2024 16:40:00 GMT+0200 (Mitteleuropäische Sommerzeit),34169.214996064504
Wed Jun 19 2024 16:45:00 GMT+0200 (Mitteleuropäische Sommerzeit),32817.28832767487
Wed Jun 19 2024 16:50:00 GMT+0200 (Mitteleuropäische Sommerzeit),33239.52578304291
Wed Jun 19 2024 16:55:00 GMT+0200 (Mitteleuropäische Sommerzeit),32846.48585991542
Wed Jun 19 2024 17:00:00 GMT+0200 (Mitteleuropäische Sommerzeit),32835.98247760773
Wed Jun 19 2024 17:05:00 GMT+0200 (Mitteleuropäische Sommerzeit),30847.008782380424
Wed Jun 19 2024 17:10:00 GMT+0200 (Mitteleuropäische Sommerzeit),32634.143876002632
Wed Jun 19 2024 17:15:00 GMT+0200 (Mitteleuropäische Sommerzeit),32965.04406161627
Wed Jun 19 2024 17:20:00 GMT+0200 (Mitteleuropäische Sommerzeit),33047.81242026647
Wed Jun 19 2024 17:25:00 GMT+0200 (Mitteleuropäische Sommerzeit),30792.15544407209
Wed Jun 19 2024 17:30:00 GMT+0200 (Mitteleuropäische Sommerzeit),32202.173243433637
Wed Jun 19 2024 17:35:00 GMT+0200 (Mitteleuropäische Sommerzeit),31467.69729098956
Wed Jun 19 2024 17:40:00 GMT+0200 (Mitteleuropäische Sommerzeit),31227.833908052446
Wed Jun 19 2024 17:45:00 GMT+0200 (Mitteleuropäische Sommerzeit),34613.78607649168
Wed Jun 19 2024 17:50:00 GMT+0200 (Mitteleuropäische Sommerzeit),34529.208870080314
Wed Jun 19 2024 17:55:00 GMT+0200 (Mitteleuropäische Sommerzeit),32107.61620236397
Wed Jun 19 2024 18:00:00 GMT+0200 (Mitteleuropäische Sommerzeit),31624.440991992953
Wed Jun 19 2024 18:05:00 GMT+0200 (Mitteleuropäische Sommerzeit),31987.25432120959
Wed Jun 19 2024 18:10:00 GMT+0200 (Mitteleuropäische Sommerzeit),32914.44338281632
Wed Jun 19 2024 18:15:00 GMT+0200 (Mitteleuropäische Sommerzeit),31552.166468448642
Wed Jun 19 2024 18:20:00 GMT+0200 (Mitteleuropäische Sommerzeit),31384.194789896013
Wed Jun 19 2024 18:25:00 GMT+0200 (Mitteleuropäische Sommerzeit),32632.488592163725
Wed Jun 19 2024 18:30:00 GMT+0200 (Mitteleuropäische Sommerzeit),33059.74984066963
Wed Jun 19 2024 18:35:00 GMT+0200 (Mitteleuropäische Sommerzeit),31990.398701874416
Wed Jun 19 2024 18:40:00 GMT+0200 (Mitteleuropäische Sommerzeit),31292.461263828278
Wed Jun 19 2024 18:45:00 GMT+0200 (Mitteleuropäische Sommerzeit),31863.4740603447
Wed Jun 19 2024 18:50:00 GMT+0200 (Mitteleuropäische Sommerzeit),32083.721679623923
Wed Jun 19 2024 18:55:00 GMT+0200 (Mitteleuropäische Sommerzeit),31467.066706285477
Wed Jun 19 2024 19:00:00 GMT+0200 (Mitteleuropäische Sommerzeit),31961.701781288786
Wed Jun 19 2024 19:05:00 GMT+0200 (Mitteleuropäische Sommerzeit),31730.661889050803
Wed Jun 19 2024 19:10:00 GMT+0200 (Mitteleuropäische Sommerzeit),33331.56032752355
Wed Jun 19 2024 19:15:00 GMT+0200 (Mitteleuropäische Sommerzeit),32731.596698891324
Wed Jun 19 2024 19:20:00 GMT+0200 (Mitteleuropäische Sommerzeit),32130.63522258123
Wed Jun 19 2024 19:25:00 GMT+0200 (Mitteleuropäische Sommerzeit),33137.41632984162
Wed Jun 19 2024 19:30:00 GMT+0200 (Mitteleuropäische Sommerzeit),32695.650226341884