TimeSeries ID,container/uptime.k8s_container.ALIGN_MEAN.REDUCE_SUM.metric.type="kubernetes.io/container/uptime" resource.type="k8s_container" resource.label."pod_name"="frontend-6ccf88564c-svq69".60s.project_id:cnae-422614
project_id,cnae-422614
Tue Jun 18 2024 19:25:00 GMT+0200 (Mitteleuropäische Sommerzeit),7744.7756233982
Tue Jun 18 2024 19:30:00 GMT+0200 (Mitteleuropäische Sommerzeit),8044.7963486508
Tue Jun 18 2024 19:35:00 GMT+0200 (Mitteleuropäische Sommerzeit),8344.783117488201
Tue Jun 18 2024 19:40:00 GMT+0200 (Mitteleuropäische Sommerzeit),6899.173044981799
Tue Jun 18 2024 19:45:00 GMT+0200 (Mitteleuropäische Sommerzeit),216.81668053560003
Tue Jun 18 2024 19:50:00 GMT+0200 (Mitteleuropäische Sommerzeit),516.8116144776001
Tue Jun 18 2024 19:55:00 GMT+0200 (Mitteleuropäische Sommerzeit),816.8057181152001
Tue Jun 18 2024 20:00:00 GMT+0200 (Mitteleuropäische Sommerzeit),1116.7928942016
Tue Jun 18 2024 20:05:00 GMT+0200 (Mitteleuropäische Sommerzeit),1416.8086626302002
Tue Jun 18 2024 20:10:00 GMT+0200 (Mitteleuropäische Sommerzeit),1716.8035037231998
Tue Jun 18 2024 20:15:00 GMT+0200 (Mitteleuropäische Sommerzeit),2016.7804954947999
Tue Jun 18 2024 20:20:00 GMT+0200 (Mitteleuropäische Sommerzeit),2316.7984655583996
Tue Jun 18 2024 20:25:00 GMT+0200 (Mitteleuropäische Sommerzeit),2616.8329813474
Tue Jun 18 2024 20:30:00 GMT+0200 (Mitteleuropäische Sommerzeit),2916.8008516383998
Tue Jun 18 2024 20:35:00 GMT+0200 (Mitteleuropäische Sommerzeit),3216.7797635718002
Tue Jun 18 2024 20:40:00 GMT+0200 (Mitteleuropäische Sommerzeit),3516.8260819578004
Tue Jun 18 2024 20:45:00 GMT+0200 (Mitteleuropäische Sommerzeit),3816.7975675818
Tue Jun 18 2024 20:50:00 GMT+0200 (Mitteleuropäische Sommerzeit),4116.7741593854
Tue Jun 18 2024 20:55:00 GMT+0200 (Mitteleuropäische Sommerzeit),4416.7701039904
Tue Jun 18 2024 21:00:00 GMT+0200 (Mitteleuropäische Sommerzeit),4716.800759251199
Tue Jun 18 2024 21:05:00 GMT+0200 (Mitteleuropäische Sommerzeit),5016.793772063
Tue Jun 18 2024 21:10:00 GMT+0200 (Mitteleuropäische Sommerzeit),5316.7669193808
Tue Jun 18 2024 21:15:00 GMT+0200 (Mitteleuropäische Sommerzeit),5616.7880257894
Tue Jun 18 2024 21:20:00 GMT+0200 (Mitteleuropäische Sommerzeit),5916.7922764708
Tue Jun 18 2024 21:25:00 GMT+0200 (Mitteleuropäische Sommerzeit),6216.790783245199
Tue Jun 18 2024 21:30:00 GMT+0200 (Mitteleuropäische Sommerzeit),6516.8290393558
Tue Jun 18 2024 21:35:00 GMT+0200 (Mitteleuropäische Sommerzeit),6816.7896690732
Tue Jun 18 2024 21:40:00 GMT+0200 (Mitteleuropäische Sommerzeit),7116.836737962
Tue Jun 18 2024 21:45:00 GMT+0200 (Mitteleuropäische Sommerzeit),7416.7637501136005
Tue Jun 18 2024 21:50:00 GMT+0200 (Mitteleuropäische Sommerzeit),7716.7740581244
Tue Jun 18 2024 21:55:00 GMT+0200 (Mitteleuropäische Sommerzeit),8016.7985348639995
Tue Jun 18 2024 22:00:00 GMT+0200 (Mitteleuropäische Sommerzeit),8316.7842175356
Tue Jun 18 2024 22:05:00 GMT+0200 (Mitteleuropäische Sommerzeit),8616.7689305632
Tue Jun 18 2024 22:10:00 GMT+0200 (Mitteleuropäische Sommerzeit),8916.784929647998
Tue Jun 18 2024 22:15:00 GMT+0200 (Mitteleuropäische Sommerzeit),9216.796591593
Tue Jun 18 2024 22:20:00 GMT+0200 (Mitteleuropäische Sommerzeit),9516.770127349
Tue Jun 18 2024 22:25:00 GMT+0200 (Mitteleuropäische Sommerzeit),9816.766196557
Tue Jun 18 2024 22:30:00 GMT+0200 (Mitteleuropäische Sommerzeit),10116.7972811036
Tue Jun 18 2024 22:35:00 GMT+0200 (Mitteleuropäische Sommerzeit),10416.8119769874
Tue Jun 18 2024 22:40:00 GMT+0200 (Mitteleuropäische Sommerzeit),6402.977644258801
Tue Jun 18 2024 22:45:00 GMT+0200 (Mitteleuropäische Sommerzeit),146.78741140639997
Tue Jun 18 2024 22:50:00 GMT+0200 (Mitteleuropäische Sommerzeit),446.791000721
Tue Jun 18 2024 22:55:00 GMT+0200 (Mitteleuropäische Sommerzeit),746.7705871004
Tue Jun 18 2024 23:00:00 GMT+0200 (Mitteleuropäische Sommerzeit),1046.7872677740002
Tue Jun 18 2024 23:05:00 GMT+0200 (Mitteleuropäische Sommerzeit),1346.80550442
Tue Jun 18 2024 23:10:00 GMT+0200 (Mitteleuropäische Sommerzeit),1646.7891845094
Tue Jun 18 2024 23:15:00 GMT+0200 (Mitteleuropäische Sommerzeit),1946.7653278036
Tue Jun 18 2024 23:20:00 GMT+0200 (Mitteleuropäische Sommerzeit),2246.7884873058
Tue Jun 18 2024 23:25:00 GMT+0200 (Mitteleuropäische Sommerzeit),2546.8017530038
Tue Jun 18 2024 23:30:00 GMT+0200 (Mitteleuropäische Sommerzeit),2846.7829929791997
Tue Jun 18 2024 23:35:00 GMT+0200 (Mitteleuropäische Sommerzeit),3146.7641352657997
Tue Jun 18 2024 23:40:00 GMT+0200 (Mitteleuropäische Sommerzeit),3446.8043699554
Tue Jun 18 2024 23:45:00 GMT+0200 (Mitteleuropäische Sommerzeit),3746.7943677562
Tue Jun 18 2024 23:50:00 GMT+0200 (Mitteleuropäische Sommerzeit),4046.7651166112
Tue Jun 18 2024 23:55:00 GMT+0200 (Mitteleuropäische Sommerzeit),4346.7855146656
Wed Jun 19 2024 00:00:00 GMT+0200 (Mitteleuropäische Sommerzeit),4646.7965131856
Wed Jun 19 2024 00:05:00 GMT+0200 (Mitteleuropäische Sommerzeit),4946.7816497152
Wed Jun 19 2024 00:10:00 GMT+0200 (Mitteleuropäische Sommerzeit),5246.7631728088
Wed Jun 19 2024 00:15:00 GMT+0200 (Mitteleuropäische Sommerzeit),5546.7964231122
Wed Jun 19 2024 00:20:00 GMT+0200 (Mitteleuropäische Sommerzeit),5846.7981481836005
Wed Jun 19 2024 00:25:00 GMT+0200 (Mitteleuropäische Sommerzeit),6146.776097965801
Wed Jun 19 2024 00:30:00 GMT+0200 (Mitteleuropäische Sommerzeit),6446.781886570599
Wed Jun 19 2024 00:35:00 GMT+0200 (Mitteleuropäische Sommerzeit),6746.793258471201
Wed Jun 19 2024 00:40:00 GMT+0200 (Mitteleuropäische Sommerzeit),7046.789399856
Wed Jun 19 2024 00:45:00 GMT+0200 (Mitteleuropäische Sommerzeit),7346.763898806801
Wed Jun 19 2024 00:50:00 GMT+0200 (Mitteleuropäische Sommerzeit),7646.7824220822
Wed Jun 19 2024 00:55:00 GMT+0200 (Mitteleuropäische Sommerzeit),7946.797949702401
Wed Jun 19 2024 01:00:00 GMT+0200 (Mitteleuropäische Sommerzeit),8246.7903733792
Wed Jun 19 2024 01:05:00 GMT+0200 (Mitteleuropäische Sommerzeit),8546.7614548594
Wed Jun 19 2024 01:10:00 GMT+0200 (Mitteleuropäische Sommerzeit),8846.785675905001
Wed Jun 19 2024 01:15:00 GMT+0200 (Mitteleuropäische Sommerzeit),9146.7924228946
Wed Jun 19 2024 01:20:00 GMT+0200 (Mitteleuropäische Sommerzeit),9446.7644069976
Wed Jun 19 2024 01:25:00 GMT+0200 (Mitteleuropäische Sommerzeit),9746.7654054674
Wed Jun 19 2024 01:30:00 GMT+0200 (Mitteleuropäische Sommerzeit),10046.787200247201
Wed Jun 19 2024 01:35:00 GMT+0200 (Mitteleuropäische Sommerzeit),10346.788456390601
Wed Jun 19 2024 01:40:00 GMT+0200 (Mitteleuropäische Sommerzeit),10646.767965916
Wed Jun 19 2024 01:45:00 GMT+0200 (Mitteleuropäische Sommerzeit),10946.7714609724
Wed Jun 19 2024 01:50:00 GMT+0200 (Mitteleuropäische Sommerzeit),11246.806389133399
Wed Jun 19 2024 01:55:00 GMT+0200 (Mitteleuropäische Sommerzeit),11546.788465465199
Wed Jun 19 2024 02:00:00 GMT+0200 (Mitteleuropäische Sommerzeit),11846.761319789799
Wed Jun 19 2024 02:05:00 GMT+0200 (Mitteleuropäische Sommerzeit),12146.782918304601
Wed Jun 19 2024 02:10:00 GMT+0200 (Mitteleuropäische Sommerzeit),12446.798157206
Wed Jun 19 2024 02:15:00 GMT+0200 (Mitteleuropäische Sommerzeit),12746.7833702942
Wed Jun 19 2024 02:20:00 GMT+0200 (Mitteleuropäische Sommerzeit),13046.7626895914
Wed Jun 19 2024 02:25:00 GMT+0200 (Mitteleuropäische Sommerzeit),13346.7958742578
Wed Jun 19 2024 02:30:00 GMT+0200 (Mitteleuropäische Sommerzeit),13646.7898113476
Wed Jun 19 2024 02:35:00 GMT+0200 (Mitteleuropäische Sommerzeit),13946.7651406386
Wed Jun 19 2024 02:40:00 GMT+0200 (Mitteleuropäische Sommerzeit),14246.786487349198
Wed Jun 19 2024 02:45:00 GMT+0200 (Mitteleuropäische Sommerzeit),14546.8030189604
Wed Jun 19 2024 02:50:00 GMT+0200 (Mitteleuropäische Sommerzeit),14846.7821082724
Wed Jun 19 2024 02:55:00 GMT+0200 (Mitteleuropäische Sommerzeit),15146.766237245398
Wed Jun 19 2024 03:00:00 GMT+0200 (Mitteleuropäische Sommerzeit),15446.789047598399
Wed Jun 19 2024 03:05:00 GMT+0200 (Mitteleuropäische Sommerzeit),15746.7944979506
Wed Jun 19 2024 03:10:00 GMT+0200 (Mitteleuropäische Sommerzeit),16046.7664541114
Wed Jun 19 2024 03:15:00 GMT+0200 (Mitteleuropäische Sommerzeit),16346.767853867199
Wed Jun 19 2024 03:20:00 GMT+0200 (Mitteleuropäische Sommerzeit),16646.798673062003
Wed Jun 19 2024 03:25:00 GMT+0200 (Mitteleuropäische Sommerzeit),16946.7913385752
Wed Jun 19 2024 03:30:00 GMT+0200 (Mitteleuropäische Sommerzeit),17246.7685978012
Wed Jun 19 2024 03:35:00 GMT+0200 (Mitteleuropäische Sommerzeit),17546.7703283898
Wed Jun 19 2024 03:40:00 GMT+0200 (Mitteleuropäische Sommerzeit),17846.793820421997
Wed Jun 19 2024 03:45:00 GMT+0200 (Mitteleuropäische Sommerzeit),18146.7940436932
Wed Jun 19 2024 03:50:00 GMT+0200 (Mitteleuropäische Sommerzeit),18446.778545419795
Wed Jun 19 2024 03:55:00 GMT+0200 (Mitteleuropäische Sommerzeit),18746.8074125426
Wed Jun 19 2024 04:00:00 GMT+0200 (Mitteleuropäische Sommerzeit),19046.8530946756
Wed Jun 19 2024 04:05:00 GMT+0200 (Mitteleuropäische Sommerzeit),19346.775115046
Wed Jun 19 2024 04:10:00 GMT+0200 (Mitteleuropäische Sommerzeit),19646.810640459404
Wed Jun 19 2024 04:15:00 GMT+0200 (Mitteleuropäische Sommerzeit),19946.8013488084
Wed Jun 19 2024 04:20:00 GMT+0200 (Mitteleuropäische Sommerzeit),20246.8157989448
Wed Jun 19 2024 04:25:00 GMT+0200 (Mitteleuropäische Sommerzeit),20546.765582771
Wed Jun 19 2024 04:30:00 GMT+0200 (Mitteleuropäische Sommerzeit),20846.768815846597
Wed Jun 19 2024 04:35:00 GMT+0200 (Mitteleuropäische Sommerzeit),21146.800844971
Wed Jun 19 2024 04:40:00 GMT+0200 (Mitteleuropäische Sommerzeit),21446.7842195726
Wed Jun 19 2024 04:45:00 GMT+0200 (Mitteleuropäische Sommerzeit),21746.758431043203
Wed Jun 19 2024 04:50:00 GMT+0200 (Mitteleuropäische Sommerzeit),22046.787892866
Wed Jun 19 2024 04:55:00 GMT+0200 (Mitteleuropäische Sommerzeit),22346.786727629198
Wed Jun 19 2024 05:00:00 GMT+0200 (Mitteleuropäische Sommerzeit),22646.803742482203
Wed Jun 19 2024 05:05:00 GMT+0200 (Mitteleuropäische Sommerzeit),22946.7749873876
Wed Jun 19 2024 05:10:00 GMT+0200 (Mitteleuropäische Sommerzeit),23246.816048443397
Wed Jun 19 2024 05:15:00 GMT+0200 (Mitteleuropäische Sommerzeit),23546.800813478803
Wed Jun 19 2024 05:20:00 GMT+0200 (Mitteleuropäische Sommerzeit),23846.803350623995
Wed Jun 19 2024 05:25:00 GMT+0200 (Mitteleuropäische Sommerzeit),24146.819607899804
Wed Jun 19 2024 05:30:00 GMT+0200 (Mitteleuropäische Sommerzeit),24446.8177922816
Wed Jun 19 2024 05:35:00 GMT+0200 (Mitteleuropäische Sommerzeit),24746.7942169324
Wed Jun 19 2024 05:40:00 GMT+0200 (Mitteleuropäische Sommerzeit),25046.7776939192
Wed Jun 19 2024 05:45:00 GMT+0200 (Mitteleuropäische Sommerzeit),25346.7956481982
Wed Jun 19 2024 05:50:00 GMT+0200 (Mitteleuropäische Sommerzeit),25646.845973166
Wed Jun 19 2024 05:55:00 GMT+0200 (Mitteleuropäische Sommerzeit),25946.806426477
Wed Jun 19 2024 06:00:00 GMT+0200 (Mitteleuropäische Sommerzeit),26246.784562879
Wed Jun 19 2024 06:05:00 GMT+0200 (Mitteleuropäische Sommerzeit),26546.7862143748
Wed Jun 19 2024 06:10:00 GMT+0200 (Mitteleuropäische Sommerzeit),26846.8300216456
Wed Jun 19 2024 06:15:00 GMT+0200 (Mitteleuropäische Sommerzeit),27146.804387856995
Wed Jun 19 2024 06:20:00 GMT+0200 (Mitteleuropäische Sommerzeit),27446.8046250858
Wed Jun 19 2024 06:25:00 GMT+0200 (Mitteleuropäische Sommerzeit),27746.7890845882
Wed Jun 19 2024 06:30:00 GMT+0200 (Mitteleuropäische Sommerzeit),28046.8438007512
Wed Jun 19 2024 06:35:00 GMT+0200 (Mitteleuropäische Sommerzeit),28346.792702611197
Wed Jun 19 2024 06:40:00 GMT+0200 (Mitteleuropäische Sommerzeit),28646.7813966046
Wed Jun 19 2024 06:45:00 GMT+0200 (Mitteleuropäische Sommerzeit),28946.804026399797
Wed Jun 19 2024 06:50:00 GMT+0200 (Mitteleuropäische Sommerzeit),29246.818016922596
Wed Jun 19 2024 06:55:00 GMT+0200 (Mitteleuropäische Sommerzeit),29546.771761461598
Wed Jun 19 2024 07:00:00 GMT+0200 (Mitteleuropäische Sommerzeit),29846.8023443732
Wed Jun 19 2024 07:05:00 GMT+0200 (Mitteleuropäische Sommerzeit),30146.844105511
Wed Jun 19 2024 07:10:00 GMT+0200 (Mitteleuropäische Sommerzeit),30446.8037173362
Wed Jun 19 2024 07:15:00 GMT+0200 (Mitteleuropäische Sommerzeit),30746.7643728306
Wed Jun 19 2024 07:20:00 GMT+0200 (Mitteleuropäische Sommerzeit),31046.786683909002
Wed Jun 19 2024 07:25:00 GMT+0200 (Mitteleuropäische Sommerzeit),31346.8027203744
Wed Jun 19 2024 07:30:00 GMT+0200 (Mitteleuropäische Sommerzeit),31646.824729560198
Wed Jun 19 2024 07:35:00 GMT+0200 (Mitteleuropäische Sommerzeit),31946.7873504534
Wed Jun 19 2024 07:40:00 GMT+0200 (Mitteleuropäische Sommerzeit),32246.771618181396
Wed Jun 19 2024 07:45:00 GMT+0200 (Mitteleuropäische Sommerzeit),32546.815544223402
Wed Jun 19 2024 07:50:00 GMT+0200 (Mitteleuropäische Sommerzeit),32846.8007218332
Wed Jun 19 2024 07:55:00 GMT+0200 (Mitteleuropäische Sommerzeit),33146.777720759404
Wed Jun 19 2024 08:00:00 GMT+0200 (Mitteleuropäische Sommerzeit),33446.811703246196
Wed Jun 19 2024 08:05:00 GMT+0200 (Mitteleuropäische Sommerzeit),33746.8145194324
Wed Jun 19 2024 08:10:00 GMT+0200 (Mitteleuropäische Sommerzeit),34046.7714690966
Wed Jun 19 2024 08:15:00 GMT+0200 (Mitteleuropäische Sommerzeit),34346.76292497919
Wed Jun 19 2024 08:20:00 GMT+0200 (Mitteleuropäische Sommerzeit),34646.78876399241
Wed Jun 19 2024 08:25:00 GMT+0200 (Mitteleuropäische Sommerzeit),34946.7988724068
Wed Jun 19 2024 08:30:00 GMT+0200 (Mitteleuropäische Sommerzeit),35246.7739557304
Wed Jun 19 2024 08:35:00 GMT+0200 (Mitteleuropäische Sommerzeit),35546.7662731722
Wed Jun 19 2024 08:40:00 GMT+0200 (Mitteleuropäische Sommerzeit),35846.785073425
Wed Jun 19 2024 08:45:00 GMT+0200 (Mitteleuropäische Sommerzeit),36146.798018403395
Wed Jun 19 2024 08:50:00 GMT+0200 (Mitteleuropäische Sommerzeit),36446.762996415004
Wed Jun 19 2024 08:55:00 GMT+0200 (Mitteleuropäische Sommerzeit),36746.7647742824
Wed Jun 19 2024 09:00:00 GMT+0200 (Mitteleuropäische Sommerzeit),37046.7967131232
Wed Jun 19 2024 09:05:00 GMT+0200 (Mitteleuropäische Sommerzeit),37346.783974847596
Wed Jun 19 2024 09:10:00 GMT+0200 (Mitteleuropäische Sommerzeit),37646.760712789
Wed Jun 19 2024 09:15:00 GMT+0200 (Mitteleuropäische Sommerzeit),37946.79315091301
Wed Jun 19 2024 09:20:00 GMT+0200 (Mitteleuropäische Sommerzeit),38246.8205008494
Wed Jun 19 2024 09:25:00 GMT+0200 (Mitteleuropäische Sommerzeit),38546.7854145464
Wed Jun 19 2024 09:30:00 GMT+0200 (Mitteleuropäische Sommerzeit),38846.7716061722
Wed Jun 19 2024 09:35:00 GMT+0200 (Mitteleuropäische Sommerzeit),23478.834377172003
Wed Jun 19 2024 09:40:00 GMT+0200 (Mitteleuropäische Sommerzeit),276.8062733962
Wed Jun 19 2024 09:45:00 GMT+0200 (Mitteleuropäische Sommerzeit),576.7730675358
Wed Jun 19 2024 09:50:00 GMT+0200 (Mitteleuropäische Sommerzeit),876.7997383157999
Wed Jun 19 2024 09:55:00 GMT+0200 (Mitteleuropäische Sommerzeit),922.8024914288001
Wed Jun 19 2024 10:00:00 GMT+0200 (Mitteleuropäische Sommerzeit),134.7735408518
Wed Jun 19 2024 10:05:00 GMT+0200 (Mitteleuropäische Sommerzeit),416.76771576560003
Wed Jun 19 2024 10:10:00 GMT+0200 (Mitteleuropäische Sommerzeit),716.7862072686
Wed Jun 19 2024 10:15:00 GMT+0200 (Mitteleuropäische Sommerzeit),1016.7850302438001
Wed Jun 19 2024 10:20:00 GMT+0200 (Mitteleuropäische Sommerzeit),1316.7616116666
Wed Jun 19 2024 10:25:00 GMT+0200 (Mitteleuropäische Sommerzeit),1616.777257243
Wed Jun 19 2024 10:30:00 GMT+0200 (Mitteleuropäische Sommerzeit),1916.7921218241997
Wed Jun 19 2024 10:35:00 GMT+0200 (Mitteleuropäische Sommerzeit),2216.7789584956
Wed Jun 19 2024 10:40:00 GMT+0200 (Mitteleuropäische Sommerzeit),2516.759422387
Wed Jun 19 2024 10:45:00 GMT+0200 (Mitteleuropäische Sommerzeit),2816.7786711988
Wed Jun 19 2024 10:50:00 GMT+0200 (Mitteleuropäische Sommerzeit),3116.7872993568003
Wed Jun 19 2024 10:55:00 GMT+0200 (Mitteleuropäische Sommerzeit),3416.7726289028005
Wed Jun 19 2024 11:00:00 GMT+0200 (Mitteleuropäische Sommerzeit),3716.7749580324003
Wed Jun 19 2024 11:05:00 GMT+0200 (Mitteleuropäische Sommerzeit),4016.8084178416
Wed Jun 19 2024 11:10:00 GMT+0200 (Mitteleuropäische Sommerzeit),4316.8085942656
Wed Jun 19 2024 11:15:00 GMT+0200 (Mitteleuropäische Sommerzeit),4616.7654316136
Wed Jun 19 2024 11:20:00 GMT+0200 (Mitteleuropäische Sommerzeit),4916.7768757444
Wed Jun 19 2024 11:25:00 GMT+0200 (Mitteleuropäische Sommerzeit),5216.8027365754
Wed Jun 19 2024 11:30:00 GMT+0200 (Mitteleuropäische Sommerzeit),4398.7859847352
Wed Jun 19 2024 11:35:00 GMT+0200 (Mitteleuropäische Sommerzeit),126.7974673772
Wed Jun 19 2024 11:40:00 GMT+0200 (Mitteleuropäische Sommerzeit),276.7975729592
Wed Jun 19 2024 11:45:00 GMT+0200 (Mitteleuropäische Sommerzeit),576.7872087656
Wed Jun 19 2024 11:50:00 GMT+0200 (Mitteleuropäische Sommerzeit),876.7590673898
Wed Jun 19 2024 11:55:00 GMT+0200 (Mitteleuropäische Sommerzeit),1176.770182069
Wed Jun 19 2024 12:00:00 GMT+0200 (Mitteleuropäische Sommerzeit),1476.7908698664
Wed Jun 19 2024 12:05:00 GMT+0200 (Mitteleuropäische Sommerzeit),1776.788229081
Wed Jun 19 2024 12:10:00 GMT+0200 (Mitteleuropäische Sommerzeit),2076.76460352
Wed Jun 19 2024 12:15:00 GMT+0200 (Mitteleuropäische Sommerzeit),2376.7798465468
Wed Jun 19 2024 12:20:00 GMT+0200 (Mitteleuropäische Sommerzeit),2661.78769741875
Wed Jun 19 2024 12:25:00 GMT+0200 (Mitteleuropäische Sommerzeit),2976.7805246242
Wed Jun 19 2024 12:30:00 GMT+0200 (Mitteleuropäische Sommerzeit),3276.7647812892
Wed Jun 19 2024 12:35:00 GMT+0200 (Mitteleuropäische Sommerzeit),3576.7704817999997
Wed Jun 19 2024 12:40:00 GMT+0200 (Mitteleuropäische Sommerzeit),3876.7884059598
Wed Jun 19 2024 12:45:00 GMT+0200 (Mitteleuropäische Sommerzeit),4176.778001292
Wed Jun 19 2024 12:50:00 GMT+0200 (Mitteleuropäische Sommerzeit),4476.7621713698
Wed Jun 19 2024 12:55:00 GMT+0200 (Mitteleuropäische Sommerzeit),4776.7803106228
Wed Jun 19 2024 13:00:00 GMT+0200 (Mitteleuropäische Sommerzeit),5076.8059556924
Wed Jun 19 2024 13:05:00 GMT+0200 (Mitteleuropäische Sommerzeit),5376.7694948769995
Wed Jun 19 2024 13:10:00 GMT+0200 (Mitteleuropäische Sommerzeit),5676.784436887399
Wed Jun 19 2024 13:15:00 GMT+0200 (Mitteleuropäische Sommerzeit),5976.8485552988
Wed Jun 19 2024 13:20:00 GMT+0200 (Mitteleuropäische Sommerzeit),6276.7913494848
Wed Jun 19 2024 13:25:00 GMT+0200 (Mitteleuropäische Sommerzeit),6576.773250640801
Wed Jun 19 2024 13:30:00 GMT+0200 (Mitteleuropäische Sommerzeit),6876.761803187799
Wed Jun 19 2024 13:35:00 GMT+0200 (Mitteleuropäische Sommerzeit),7176.7873119487995
Wed Jun 19 2024 13:40:00 GMT+0200 (Mitteleuropäische Sommerzeit),7476.7908525928
Wed Jun 19 2024 13:45:00 GMT+0200 (Mitteleuropäische Sommerzeit),7776.7691990824005
Wed Jun 19 2024 13:50:00 GMT+0200 (Mitteleuropäische Sommerzeit),8076.7613353678
Wed Jun 19 2024 13:55:00 GMT+0200 (Mitteleuropäische Sommerzeit),8376.7836000778
Wed Jun 19 2024 14:00:00 GMT+0200 (Mitteleuropäische Sommerzeit),8676.7877360876
Wed Jun 19 2024 14:05:00 GMT+0200 (Mitteleuropäische Sommerzeit),8976.776600032801
Wed Jun 19 2024 14:10:00 GMT+0200 (Mitteleuropäische Sommerzeit),9276.7751475778
Wed Jun 19 2024 14:15:00 GMT+0200 (Mitteleuropäische Sommerzeit),9576.7885444732
Wed Jun 19 2024 14:20:00 GMT+0200 (Mitteleuropäische Sommerzeit),9876.785350192
Wed Jun 19 2024 14:25:00 GMT+0200 (Mitteleuropäische Sommerzeit),10176.766434847801
Wed Jun 19 2024 14:30:00 GMT+0200 (Mitteleuropäische Sommerzeit),10476.7736236036
Wed Jun 19 2024 14:35:00 GMT+0200 (Mitteleuropäische Sommerzeit),10776.7889178596
Wed Jun 19 2024 14:40:00 GMT+0200 (Mitteleuropäische Sommerzeit),11076.780291340601
Wed Jun 19 2024 14:45:00 GMT+0200 (Mitteleuropäische Sommerzeit),11376.7644740694
Wed Jun 19 2024 14:50:00 GMT+0200 (Mitteleuropäische Sommerzeit),11676.7832725702
Wed Jun 19 2024 14:55:00 GMT+0200 (Mitteleuropäische Sommerzeit),11976.7973006718
Wed Jun 19 2024 15:00:00 GMT+0200 (Mitteleuropäische Sommerzeit),12276.7843022366
Wed Jun 19 2024 15:05:00 GMT+0200 (Mitteleuropäische Sommerzeit),12576.772518641
Wed Jun 19 2024 15:10:00 GMT+0200 (Mitteleuropäische Sommerzeit),12876.795333704998
Wed Jun 19 2024 15:15:00 GMT+0200 (Mitteleuropäische Sommerzeit),13176.788110573401
Wed Jun 19 2024 15:20:00 GMT+0200 (Mitteleuropäische Sommerzeit),13476.767866537799
Wed Jun 19 2024 15:25:00 GMT+0200 (Mitteleuropäische Sommerzeit),13776.762659261201
Wed Jun 19 2024 15:30:00 GMT+0200 (Mitteleuropäische Sommerzeit),14076.781488168801
Wed Jun 19 2024 15:35:00 GMT+0200 (Mitteleuropäische Sommerzeit),14376.794683941
Wed Jun 19 2024 15:40:00 GMT+0200 (Mitteleuropäische Sommerzeit),14676.7709609018
Wed Jun 19 2024 15:45:00 GMT+0200 (Mitteleuropäische Sommerzeit),14976.7657133418
Wed Jun 19 2024 15:50:00 GMT+0200 (Mitteleuropäische Sommerzeit),15276.7882717676
Wed Jun 19 2024 15:55:00 GMT+0200 (Mitteleuropäische Sommerzeit),15576.793227206199
Wed Jun 19 2024 16:00:00 GMT+0200 (Mitteleuropäische Sommerzeit),15876.7821567618
Wed Jun 19 2024 16:05:00 GMT+0200 (Mitteleuropäische Sommerzeit),16176.808157283802
Wed Jun 19 2024 16:10:00 GMT+0200 (Mitteleuropäische Sommerzeit),16476.8113934124
Wed Jun 19 2024 16:15:00 GMT+0200 (Mitteleuropäische Sommerzeit),16776.818119361604
Wed Jun 19 2024 16:20:00 GMT+0200 (Mitteleuropäische Sommerzeit),17076.782775484
Wed Jun 19 2024 16:25:00 GMT+0200 (Mitteleuropäische Sommerzeit),17376.788111820402
Wed Jun 19 2024 16:30:00 GMT+0200 (Mitteleuropäische Sommerzeit),17676.813049883804
Wed Jun 19 2024 16:35:00 GMT+0200 (Mitteleuropäische Sommerzeit),17976.789050446
Wed Jun 19 2024 16:40:00 GMT+0200 (Mitteleuropäische Sommerzeit),18276.816641479596
Wed Jun 19 2024 16:45:00 GMT+0200 (Mitteleuropäische Sommerzeit),18576.7894067572
Wed Jun 19 2024 16:50:00 GMT+0200 (Mitteleuropäische Sommerzeit),18876.8195769776
Wed Jun 19 2024 16:55:00 GMT+0200 (Mitteleuropäische Sommerzeit),19176.7769022872
Wed Jun 19 2024 17:00:00 GMT+0200 (Mitteleuropäische Sommerzeit),19476.7665351382
Wed Jun 19 2024 17:05:00 GMT+0200 (Mitteleuropäische Sommerzeit),19776.814498055195
Wed Jun 19 2024 17:10:00 GMT+0200 (Mitteleuropäische Sommerzeit),20076.826766978
Wed Jun 19 2024 17:15:00 GMT+0200 (Mitteleuropäische Sommerzeit),20376.8093759188
Wed Jun 19 2024 17:20:00 GMT+0200 (Mitteleuropäische Sommerzeit),20676.7801617694
Wed Jun 19 2024 17:25:00 GMT+0200 (Mitteleuropäische Sommerzeit),20976.8088253
Wed Jun 19 2024 17:30:00 GMT+0200 (Mitteleuropäische Sommerzeit),21276.801722754997
Wed Jun 19 2024 17:35:00 GMT+0200 (Mitteleuropäische Sommerzeit),21576.784797561
Wed Jun 19 2024 17:40:00 GMT+0200 (Mitteleuropäische Sommerzeit),21876.770868821
Wed Jun 19 2024 17:45:00 GMT+0200 (Mitteleuropäische Sommerzeit),22176.840440451197
Wed Jun 19 2024 17:50:00 GMT+0200 (Mitteleuropäische Sommerzeit),22476.8030762778
Wed Jun 19 2024 17:55:00 GMT+0200 (Mitteleuropäische Sommerzeit),22776.764151964602
Wed Jun 19 2024 18:00:00 GMT+0200 (Mitteleuropäische Sommerzeit),23076.7785228434
Wed Jun 19 2024 18:05:00 GMT+0200 (Mitteleuropäische Sommerzeit),23376.806040473402
Wed Jun 19 2024 18:10:00 GMT+0200 (Mitteleuropäische Sommerzeit),23676.8149205956
Wed Jun 19 2024 18:15:00 GMT+0200 (Mitteleuropäische Sommerzeit),23976.843776815
Wed Jun 19 2024 18:20:00 GMT+0200 (Mitteleuropäische Sommerzeit),24276.795306570402
Wed Jun 19 2024 18:25:00 GMT+0200 (Mitteleuropäische Sommerzeit),24576.8106826958
Wed Jun 19 2024 18:30:00 GMT+0200 (Mitteleuropäische Sommerzeit),24876.804887637198
Wed Jun 19 2024 18:35:00 GMT+0200 (Mitteleuropäische Sommerzeit),25176.7692988056
Wed Jun 19 2024 18:40:00 GMT+0200 (Mitteleuropäische Sommerzeit),25476.7907834832
Wed Jun 19 2024 18:45:00 GMT+0200 (Mitteleuropäische Sommerzeit),25776.8237518038
Wed Jun 19 2024 18:50:00 GMT+0200 (Mitteleuropäische Sommerzeit),26076.812222087196
Wed Jun 19 2024 18:55:00 GMT+0200 (Mitteleuropäische Sommerzeit),26376.7772106244
Wed Jun 19 2024 19:00:00 GMT+0200 (Mitteleuropäische Sommerzeit),26676.808879816603
Wed Jun 19 2024 19:05:00 GMT+0200 (Mitteleuropäische Sommerzeit),26976.7979379058
Wed Jun 19 2024 19:10:00 GMT+0200 (Mitteleuropäische Sommerzeit),27276.8134835426
Wed Jun 19 2024 19:15:00 GMT+0200 (Mitteleuropäische Sommerzeit),27576.789572889404
Wed Jun 19 2024 19:20:00 GMT+0200 (Mitteleuropäische Sommerzeit),27876.774295068397
Wed Jun 19 2024 19:25:00 GMT+0200 (Mitteleuropäische Sommerzeit),28176.801227833803
Wed Jun 19 2024 19:30:00 GMT+0200 (Mitteleuropäische Sommerzeit),28476.790707419997